experiment,variant,sel_counts,sel_total,ref_counts,ref_total,ER
1_Control,WT,25123,640236,13013,640208,0.948992057
1_Control,T333*,16,640236,34,640208,-1.087525937
1_Control,T333A,115,640236,35,640208,1.716143938
1_Control,T333C,41,640236,13,640208,1.65704919
1_Control,T333D,38,640236,12,640208,1.662901917
1_Control,T333E,49,640236,19,640208,1.366719235
1_Control,T333F,53,640236,21,640208,1.335539936
1_Control,T333G,107,640236,71,640208,0.591656771
1_Control,T333H,19,640236,13,640208,0.547424699
1_Control,T333I,39,640236,24,640208,0.700376622
1_Control,T333K,53,640236,10,640208,2.405929264
1_Control,T333L,89,640236,45,640208,0.983817239
1_Control,T333M,33,640236,26,640208,0.343891305
1_Control,T333N,21,640236,17,640208,0.304791486
1_Control,T333P,52,640236,25,640208,1.056520432
1_Control,T333Q,21,640236,9,640208,1.222329325
1_Control,T333R,78,640236,52,640208,0.584899405
1_Control,T333S,89,640236,57,640208,0.642780321
1_Control,T333V,86,640236,35,640208,1.296918642
1_Control,T333W,30,640236,18,640208,0.736902498
1_Control,T333Y,23,640236,17,640208,0.436036019
1_Control,N334*,34,640236,124,640208,-1.866796565
1_Control,N334A,239,640236,104,640208,1.200363994
1_Control,N334C,191,640236,57,640208,1.744475718
1_Control,N334D,76,640236,54,640208,0.492976915
1_Control,N334E,79,640236,62,640208,0.349521342
1_Control,N334F,164,640236,73,640208,1.16766435
1_Control,N334G,261,640236,126,640208,1.050562977
1_Control,N334H,102,640236,56,640208,0.865007324
1_Control,N334I,163,640236,63,640208,1.371385135
1_Control,N334K,121,640236,56,640208,1.111445219
1_Control,N334L,389,640236,182,640208,1.095768609
1_Control,N334M,137,640236,75,640208,0.869150296
1_Control,N334P,138,640236,101,640208,0.450249878
1_Control,N334Q,74,640236,50,640208,0.56553408
1_Control,N334R,325,640236,149,640208,1.125064291
1_Control,N334S,401,640236,180,640208,1.155542234
1_Control,N334T,205,640236,107,640208,0.937950017
1_Control,N334V,269,640236,149,640208,0.852230746
1_Control,N334W,154,640236,84,640208,0.874406022
1_Control,N334Y,89,640236,66,640208,0.431276216
1_Control,L335*,27,640236,76,640208,-1.493103107
1_Control,L335A,119,640236,57,640208,1.061864653
1_Control,L335C,76,640236,53,640208,0.519943963
1_Control,L335D,44,640236,28,640208,0.652013601
1_Control,L335E,56,640236,20,640208,1.485363731
1_Control,L335F,72,640236,34,640208,1.082399064
1_Control,L335G,168,640236,94,640208,0.837665475
1_Control,L335H,23,640236,14,640208,0.716143938
1_Control,L335I,23,640236,23,640208,-6.31E-05
1_Control,L335K,51,640236,33,640208,0.627968127
1_Control,L335M,45,640236,27,640208,0.736902498
1_Control,L335N,23,640236,14,640208,0.716143938
1_Control,L335P,79,640236,27,640208,1.54883015
1_Control,L335Q,45,640236,33,640208,0.447395881
1_Control,L335R,122,640236,75,640208,0.701855551
1_Control,L335S,163,640236,97,640208,0.748752216
1_Control,L335T,68,640236,37,640208,0.87794638
1_Control,L335V,177,640236,92,640208,0.943980498
1_Control,L335W,83,640236,56,640208,0.567621413
1_Control,L335Y,34,640236,22,640208,0.627968127
1_Control,G339*,23,640236,116,640208,-2.334482135
1_Control,G339A,219,640236,100,640208,1.130867774
1_Control,G339C,174,640236,82,640208,1.085328395
1_Control,G339D,106,640236,47,640208,1.173268507
1_Control,G339E,116,640236,51,640208,1.185492557
1_Control,G339F,144,640236,90,640208,0.678008809
1_Control,G339H,56,640236,48,640208,0.222329325
1_Control,G339I,96,640236,43,640208,1.15863465
1_Control,G339K,92,640236,29,640208,1.665517865
1_Control,G339L,400,640236,194,640208,1.043880252
1_Control,G339M,80,640236,40,640208,0.999936904
1_Control,G339N,61,640236,25,640208,1.286818052
1_Control,G339P,184,640236,85,640208,1.114107924
1_Control,G339Q,87,640236,23,640208,1.919318444
1_Control,G339R,325,640236,173,640208,0.909604584
1_Control,G339S,352,640236,187,640208,0.912474063
1_Control,G339T,159,640236,82,640208,0.955267855
1_Control,G339V,339,640236,170,640208,0.995687431
1_Control,G339W,218,640236,92,640208,1.244559273
1_Control,G339Y,116,640236,68,640208,0.770455058
1_Control,E340*,71,640236,134,640208,-0.916405167
1_Control,E340A,261,640236,154,640208,0.76105636
1_Control,E340C,95,640236,67,640208,0.503703322
1_Control,E340D,148,640236,69,640208,1.100865813
1_Control,E340F,104,640236,72,640208,0.530451621
1_Control,E340G,388,640236,210,640208,0.885604228
1_Control,E340H,87,640236,67,640208,0.376791209
1_Control,E340I,97,640236,68,640208,0.512386905
1_Control,E340K,177,640236,82,640208,1.109990449
1_Control,E340L,389,640236,234,640208,0.733198529
1_Control,E340M,130,640236,76,640208,0.774377204
1_Control,E340N,142,640236,73,640208,0.959859465
1_Control,E340P,178,640236,111,640208,0.681254469
1_Control,E340Q,124,640236,64,640208,0.954133214
1_Control,E340R,413,640236,232,640208,0.83195388
1_Control,E340S,354,640236,210,640208,0.753296936
1_Control,E340T,184,640236,111,640208,0.729082994
1_Control,E340V,269,640236,222,640208,0.2769834
1_Control,E340W,108,640236,99,640208,0.125467786
1_Control,E340Y,61,640236,77,640208,-0.336112299
1_Control,A344C,7,640236,14,640208,-1.000063096
1_Control,A344D,11,640236,8,640208,0.459368523
1_Control,A344G,26,640236,14,640208,0.8930217
1_Control,A344K,9,640236,6,640208,0.584899405
1_Control,A344L,12,640236,10,640208,0.26297131
1_Control,A344S,15,640236,15,640208,-6.31E-05
1_Control,A344T,24,640236,11,640208,1.125467786
1_Control,A344V,11,640236,16,640208,-0.540631477
1_Control,T345*,1,640236,19,640208,-4.247990609
1_Control,T345A,38,640236,31,640208,0.293668107
1_Control,T345C,22,640236,27,640208,-0.29551898
1_Control,T345E,17,640236,21,640208,-0.304917678
1_Control,T345F,24,640236,7,640208,1.777544483
1_Control,T345G,46,640236,27,640208,0.768611358
1_Control,T345I,28,640236,14,640208,0.999936904
1_Control,T345L,77,640236,39,640208,0.981321226
1_Control,T345M,12,640236,10,640208,0.26297131
1_Control,T345N,39,640236,18,640208,1.115414121
1_Control,T345P,23,640236,17,640208,0.436036019
1_Control,T345Q,1,640236,12,640208,-3.585025597
1_Control,T345R,64,640236,28,640208,1.192581982
1_Control,T345S,73,640236,50,640208,0.545905273
1_Control,T345V,44,640236,41,640208,0.101816518
1_Control,T345W,23,640236,15,640208,0.616608264
1_Control,T345Y,23,640236,11,640208,1.064067241
1_Control,R346*,10,640236,29,640208,-1.536115996
1_Control,R346A,47,640236,24,640208,0.969563255
1_Control,R346C,34,640236,13,640208,1.386960027
1_Control,R346D,38,640236,8,640208,2.247864417
1_Control,R346E,23,640236,9,640208,1.353573859
1_Control,R346F,46,640236,36,640208,0.353573859
1_Control,R346G,101,640236,31,640208,1.703952076
1_Control,R346H,17,640236,7,640208,1.280044823
1_Control,R346I,22,640236,19,640208,0.211441009
1_Control,R346L,104,640236,40,640208,1.378448527
1_Control,R346M,31,640236,7,640208,2.146778292
1_Control,R346P,44,640236,11,640208,1.999936904
1_Control,R346Q,19,640236,8,640208,1.247864417
1_Control,R346S,85,640236,42,640208,1.017010417
1_Control,R346T,38,640236,21,640208,0.855546995
1_Control,R346V,60,640236,32,640208,0.9068275
1_Control,R346W,50,640236,32,640208,0.643793094
1_Control,R346Y,23,640236,11,640208,1.064067241
1_Control,S349A,19,640236,9,640208,1.077939416
1_Control,S349F,18,640236,10,640208,0.847933811
1_Control,S349G,2,640236,13,640208,-2.700502814
1_Control,S349L,18,640236,13,640208,0.469422187
1_Control,S349T,10,640236,7,640208,0.514510077
1_Control,S349V,7,640236,9,640208,-0.362633175
1_Control,S349W,7,640236,9,640208,-0.362633175
1_Control,Y351*,10,640236,30,640208,-1.585025597
1_Control,Y351A,21,640236,9,640208,1.222329325
1_Control,Y351C,24,640236,14,640208,0.777544483
1_Control,Y351D,15,640236,11,640208,0.447395881
1_Control,Y351E,19,640236,9,640208,1.077939416
1_Control,Y351F,27,640236,16,640208,0.754824406
1_Control,Y351G,29,640236,9,640208,1.687992898
1_Control,Y351H,18,640236,6,640208,1.584899405
1_Control,Y351I,23,640236,11,640208,1.064067241
1_Control,Y351L,38,640236,20,640208,0.925936323
1_Control,Y351N,22,640236,12,640208,0.874406022
1_Control,Y351P,8,640236,6,640208,0.414974403
1_Control,Y351R,31,640236,29,640208,0.096152219
1_Control,Y351S,55,640236,22,640208,1.321864999
1_Control,Y351T,20,640236,14,640208,0.514510077
1_Control,Y351V,27,640236,11,640208,1.295392788
1_Control,Y351W,5,640236,9,640208,-0.848060003
1_Control,A352C,4,640236,6,640208,-0.585025597
1_Control,A352G,22,640236,11,640208,0.999936904
1_Control,A352L,18,640236,16,640208,0.169861905
1_Control,A352P,15,640236,10,640208,0.584899405
1_Control,A352R,12,640236,12,640208,-6.31E-05
1_Control,A352S,17,640236,14,640208,0.280044823
1_Control,A352T,18,640236,6,640208,1.584899405
1_Control,A352V,15,640236,16,640208,-0.0931725
1_Control,N354*,2,640236,7,640208,-1.807418018
1_Control,N354A,24,640236,6,640208,1.999936904
1_Control,N354D,8,640236,9,640208,-0.169988097
1_Control,N354E,11,640236,8,640208,0.459368523
1_Control,N354F,20,640236,12,640208,0.736902498
1_Control,N354G,36,640236,12,640208,1.584899405
1_Control,N354I,17,640236,7,640208,1.280044823
1_Control,N354K,12,640236,7,640208,0.777544483
1_Control,N354L,33,640236,13,640208,1.343891305
1_Control,N354P,12,640236,10,640208,0.26297131
1_Control,N354R,18,640236,10,640208,0.847933811
1_Control,N354S,24,640236,17,640208,0.497436563
1_Control,N354V,24,640236,16,640208,0.584899405
1_Control,N354Y,6,640236,6,640208,-6.31E-05
1_Control,K356*,11,640236,13,640208,-0.241071196
1_Control,K356A,11,640236,10,640208,0.137440428
1_Control,K356E,21,640236,7,640208,1.584899405
1_Control,K356G,24,640236,25,640208,-0.058956785
1_Control,K356L,18,640236,12,640208,0.584899405
1_Control,K356R,35,640236,18,640208,0.959294919
1_Control,K356S,25,640236,11,640208,1.184361475
1_Control,K356T,26,640236,13,640208,0.999936904
1_Control,K356V,34,640236,14,640208,1.280044823
1_Control,K356W,17,640236,6,640208,1.502437245
1_Control,K356Y,5,640236,6,640208,-0.263097502
1_Control,R357*,3,640236,7,640208,-1.222455517
1_Control,R357A,16,640236,12,640208,0.414974403
1_Control,R357C,15,640236,6,640208,1.321864999
1_Control,R357F,7,640236,8,640208,-0.192708174
1_Control,R357G,36,640236,24,640208,0.584899405
1_Control,R357H,5,640236,6,640208,-0.263097502
1_Control,R357L,24,640236,16,640208,0.584899405
1_Control,R357M,15,640236,8,640208,0.9068275
1_Control,R357N,9,640236,6,640208,0.584899405
1_Control,R357P,15,640236,9,640208,0.736902498
1_Control,R357S,42,640236,13,640208,1.691814609
1_Control,R357V,19,640236,27,640208,-0.507023085
1_Control,R357W,12,640236,7,640208,0.777544483
1_Control,I358*,4,640236,11,640208,-1.459494715
1_Control,I358A,23,640236,24,640208,-0.061463641
1_Control,I358C,17,640236,8,640208,1.087399745
1_Control,I358D,12,640236,18,640208,-0.585025597
1_Control,I358E,17,640236,14,640208,0.280044823
1_Control,I358F,20,640236,6,640208,1.736902498
1_Control,I358G,19,640236,19,640208,-6.31E-05
1_Control,I358K,10,640236,10,640208,-6.31E-05
1_Control,I358L,77,640236,31,640208,1.312527134
1_Control,I358N,15,640236,8,640208,0.9068275
1_Control,I358P,24,640236,10,640208,1.26297131
1_Control,I358Q,8,640236,9,640208,-0.169988097
1_Control,I358R,30,640236,29,640208,0.048846504
1_Control,I358S,19,640236,37,640208,-0.961588948
1_Control,I358T,15,640236,15,640208,-6.31E-05
1_Control,I358V,51,640236,28,640208,0.865007324
1_Control,I358W,21,640236,14,640208,0.584899405
1_Control,S359*,6,640236,10,640208,-0.73702869
1_Control,S359A,48,640236,24,640208,0.999936904
1_Control,S359C,36,640236,17,640208,1.082399064
1_Control,S359D,14,640236,10,640208,0.485363731
1_Control,S359E,17,640236,9,640208,0.917474744
1_Control,S359F,29,640236,26,640208,0.157478181
1_Control,S359G,54,640236,28,640208,0.947469484
1_Control,S359I,34,640236,10,640208,1.76547165
1_Control,S359K,7,640236,9,640208,-0.362633175
1_Control,S359L,68,640236,40,640208,0.76547165
1_Control,S359M,13,640236,9,640208,0.530451621
1_Control,S359N,11,640236,11,640208,-6.31E-05
1_Control,S359P,27,640236,10,640208,1.432896311
1_Control,S359Q,14,640236,9,640208,0.637366825
1_Control,S359R,71,640236,36,640208,0.979759022
1_Control,S359T,51,640236,19,640208,1.424434733
1_Control,S359V,50,640236,34,640208,0.556330253
1_Control,S359W,16,640236,18,640208,-0.169988097
1_Control,S359Y,12,640236,14,640208,-0.222455517
1_Control,N360*,21,640236,28,640208,-0.415100595
1_Control,N360A,37,640236,23,640208,0.685828314
1_Control,N360C,16,640236,9,640208,0.830011903
1_Control,N360D,32,640236,11,640208,1.540505285
1_Control,N360E,15,640236,9,640208,0.736902498
1_Control,N360F,14,640236,14,640208,-6.31E-05
1_Control,N360G,45,640236,20,640208,1.169861905
1_Control,N360H,19,640236,12,640208,0.662901917
1_Control,N360I,26,640236,12,640208,1.115414121
1_Control,N360K,28,640236,9,640208,1.637366825
1_Control,N360L,53,640236,31,640208,0.773661048
1_Control,N360M,25,640236,8,640208,1.643793094
1_Control,N360P,21,640236,24,640208,-0.192708174
1_Control,N360Q,22,640236,12,640208,0.874406022
1_Control,N360R,59,640236,34,640208,0.795117112
1_Control,N360S,50,640236,36,640208,0.473868092
1_Control,N360T,24,640236,13,640208,0.884459687
1_Control,N360V,40,640236,25,640208,0.678008809
1_Control,N360W,24,640236,10,640208,1.26297131
1_Control,N360Y,22,640236,11,640208,0.999936904
1_Control,V362A,39,640236,15,640208,1.378448527
1_Control,V362C,14,640236,14,640208,-6.31E-05
1_Control,V362D,18,640236,10,640208,0.847933811
1_Control,V362E,19,640236,7,640208,1.440509495
1_Control,V362F,21,640236,21,640208,-6.31E-05
1_Control,V362G,32,640236,25,640208,0.356080714
1_Control,V362H,12,640236,12,640208,-6.31E-05
1_Control,V362I,17,640236,11,640208,0.627968127
1_Control,V362L,63,640236,16,640208,1.977216827
1_Control,V362M,23,640236,9,640208,1.353573859
1_Control,V362P,8,640236,20,640208,-1.321991191
1_Control,V362Q,13,640236,9,640208,0.530451621
1_Control,V362R,47,640236,18,640208,1.384600754
1_Control,V362S,73,640236,17,640208,2.102298622
1_Control,V362T,18,640236,15,640208,0.26297131
1_Control,V362W,17,640236,12,640208,0.502437245
1_Control,V362Y,15,640236,6,640208,1.321864999
1_Control,A363*,8,640236,26,640208,-1.700502814
1_Control,A363C,39,640236,14,640208,1.477984201
1_Control,A363D,30,640236,13,640208,1.206387781
1_Control,A363E,31,640236,25,640208,0.310277025
1_Control,A363F,48,640236,25,640208,0.941043215
1_Control,A363G,130,640236,64,640208,1.022304717
1_Control,A363H,42,640236,8,640208,2.392254327
1_Control,A363I,22,640236,10,640208,1.137440428
1_Control,A363K,16,640236,15,640208,0.093046308
1_Control,A363L,99,640236,61,640208,0.698556186
1_Control,A363M,30,640236,19,640208,0.658899986
1_Control,A363N,11,640236,8,640208,0.459368523
1_Control,A363P,87,640236,38,640208,1.194952886
1_Control,A363Q,30,640236,23,640208,0.383265544
1_Control,A363R,88,640236,52,640208,0.758928804
1_Control,A363S,113,640236,47,640208,1.265527015
1_Control,A363T,53,640236,36,640208,0.557932357
1_Control,A363V,114,640236,69,640208,0.724302461
1_Control,A363W,36,640236,31,640208,0.215665595
1_Control,A363Y,17,640236,18,640208,-0.082525256
1_Control,D364*,1,640236,29,640208,-4.858044091
1_Control,D364A,63,640236,22,640208,1.517785209
1_Control,D364C,39,640236,11,640208,1.825907504
1_Control,D364E,17,640236,13,640208,0.386960027
1_Control,D364F,38,640236,17,640208,1.160401576
1_Control,D364G,68,640236,32,640208,1.087399745
1_Control,D364H,51,640236,20,640208,1.350434151
1_Control,D364I,23,640236,18,640208,0.353573859
1_Control,D364K,17,640236,8,640208,1.087399745
1_Control,D364L,83,640236,43,640208,0.948711581
1_Control,D364M,27,640236,15,640208,0.847933811
1_Control,D364P,37,640236,13,640208,1.508950551
1_Control,D364Q,17,640236,13,640208,0.386960027
1_Control,D364R,56,640236,55,640208,0.025932113
1_Control,D364S,69,640236,55,640208,0.327101647
1_Control,D364T,39,640236,19,640208,1.037411609
1_Control,D364V,72,640236,67,640208,0.103772715
1_Control,D364W,41,640236,18,640208,1.187563907
1_Control,D364Y,36,640236,20,640208,0.847933811
1_Control,S366*,7,640236,15,640208,-1.09959877
1_Control,S366A,41,640236,21,640208,0.965171486
1_Control,S366C,28,640236,21,640208,0.414974403
1_Control,S366D,24,640236,15,640208,0.678008809
1_Control,S366F,19,640236,13,640208,0.547424699
1_Control,S366G,55,640236,15,640208,1.874406022
1_Control,S366H,19,640236,12,640208,0.662901917
1_Control,S366L,77,640236,31,640208,1.312527134
1_Control,S366N,12,640236,6,640208,0.999936904
1_Control,S366P,31,640236,24,640208,0.369170714
1_Control,S366Q,14,640236,6,640208,1.222329325
1_Control,S366R,38,640236,27,640208,0.492976915
1_Control,S366T,28,640236,19,640208,0.559364313
1_Control,S366V,59,640236,16,640208,1.882579953
1_Control,S366W,22,640236,22,640208,-6.31E-05
1_Control,S366Y,14,640236,9,640208,0.637366825
1_Control,V367A,18,640236,13,640208,0.469422187
1_Control,V367D,25,640236,7,640208,1.836438172
1_Control,V367F,12,640236,6,640208,0.999936904
1_Control,V367G,64,640236,41,640208,0.642384899
1_Control,V367L,27,640236,19,640208,0.506896893
1_Control,V367R,22,640236,14,640208,0.652013601
1_Control,V367S,14,640236,13,640208,0.106852108
1_Control,V367W,20,640236,6,640208,1.736902498
1_Control,N370*,7,640236,9,640208,-0.362633175
1_Control,N370A,20,640236,13,640208,0.621425281
1_Control,N370C,23,640236,12,640208,0.938536359
1_Control,N370D,36,640236,27,640208,0.414974403
1_Control,N370E,18,640236,16,640208,0.169861905
1_Control,N370F,3,640236,6,640208,-1.000063096
1_Control,N370G,89,640236,26,640208,1.775230617
1_Control,N370H,15,640236,15,640208,-6.31E-05
1_Control,N370I,8,640236,15,640208,-0.906953692
1_Control,N370K,17,640236,11,640208,0.627968127
1_Control,N370L,35,640236,33,640208,0.084825802
1_Control,N370P,38,640236,13,640208,1.547424699
1_Control,N370Q,7,640236,7,640208,-6.31E-05
1_Control,N370R,66,640236,29,640208,1.186350028
1_Control,N370S,61,640236,34,640208,0.8432114
1_Control,N370T,29,640236,15,640208,0.951027303
1_Control,N370V,22,640236,16,640208,0.459368523
1_Control,N370W,24,640236,13,640208,0.884459687
1_Control,N370Y,2,640236,6,640208,-1.585025597
1_Control,A372G,26,640236,14,640208,0.8930217
1_Control,A372L,8,640236,7,640208,0.192581982
1_Control,A372R,29,640236,11,640208,1.39848628
1_Control,A372S,16,640236,13,640208,0.299497186
1_Control,A372V,42,640236,9,640208,2.222329325
1_Control,S373A,13,640236,10,640208,0.378448527
1_Control,S373E,1,640236,7,640208,-2.807418018
1_Control,S373G,16,640236,6,640208,1.414974403
1_Control,S373P,14,640236,6,640208,1.222329325
1_Control,S373V,11,640236,8,640208,0.459368523
1_Control,S373Y,4,640236,6,640208,-0.585025597
1_Control,S375A,28,640236,8,640208,1.807291826
1_Control,S375E,4,640236,8,640208,-1.000063096
1_Control,S375G,31,640236,16,640208,0.954133214
1_Control,S375L,14,640236,13,640208,0.106852108
1_Control,S375P,25,640236,9,640208,1.473868092
1_Control,S375T,16,640236,11,640208,0.540505285
1_Control,S375V,9,640236,14,640208,-0.637493017
1_Control,S375W,12,640236,9,640208,0.414974403
1_Control,T376A,29,640236,12,640208,1.272955398
1_Control,T376C,19,640236,6,640208,1.662901917
1_Control,T376D,4,640236,9,640208,-1.169988097
1_Control,T376G,23,640236,7,640208,1.716143938
1_Control,T376L,32,640236,16,640208,0.999936904
1_Control,T376M,19,640236,8,640208,1.247864417
1_Control,T376N,9,640236,8,640208,0.169861905
1_Control,T376R,39,640236,23,640208,0.761777167
1_Control,T376S,37,640236,12,640208,1.624427769
1_Control,T376V,35,640236,13,640208,1.428780203
1_Control,T376W,14,640236,7,640208,0.999936904
1_Control,F377*,4,640236,11,640208,-1.459494715
1_Control,F377A,28,640236,29,640208,-0.050689169
1_Control,F377C,21,640236,17,640208,0.304791486
1_Control,F377G,27,640236,25,640208,0.110968216
1_Control,F377I,18,640236,18,640208,-6.31E-05
1_Control,F377L,69,640236,33,640208,1.064067241
1_Control,F377P,18,640236,15,640208,0.26297131
1_Control,F377R,20,640236,21,640208,-0.070452424
1_Control,F377S,44,640236,26,640208,0.758928804
1_Control,F377T,13,640236,13,640208,-6.31E-05
1_Control,F377V,49,640236,28,640208,0.807291826
1_Control,F377Y,12,640236,6,640208,0.999936904
1_Control,K378*,4,640236,19,640208,-2.247990609
1_Control,K378A,18,640236,21,640208,-0.222455517
1_Control,K378C,10,640236,6,640208,0.736902498
1_Control,K378D,15,640236,10,640208,0.584899405
1_Control,K378G,19,640236,16,640208,0.247864417
1_Control,K378L,34,640236,18,640208,0.917474744
1_Control,K378M,24,640236,13,640208,0.884459687
1_Control,K378P,8,640236,8,640208,-6.31E-05
1_Control,K378Q,13,640236,10,640208,0.378448527
1_Control,K378R,43,640236,20,640208,1.104273564
1_Control,K378S,28,640236,19,640208,0.559364313
1_Control,K378T,25,640236,8,640208,1.643793094
1_Control,K378V,30,640236,14,640208,1.099472578
1_Control,K378W,10,640236,13,640208,-0.378574719
1_Control,Y380*,2,640236,19,640208,-3.247990609
1_Control,Y380A,13,640236,9,640208,0.530451621
1_Control,Y380C,18,640236,14,640208,0.362506983
1_Control,Y380F,28,640236,15,640208,0.90040123
1_Control,Y380G,13,640236,18,640208,-0.469548379
1_Control,Y380H,7,640236,7,640208,-6.31E-05
1_Control,Y380K,4,640236,6,640208,-0.585025597
1_Control,Y380L,29,640236,24,640208,0.272955398
1_Control,Y380N,6,640236,12,640208,-1.000063096
1_Control,Y380Q,10,640236,7,640208,0.514510077
1_Control,Y380R,12,640236,20,640208,-0.73702869
1_Control,Y380S,27,640236,39,640208,-0.530577813
1_Control,Y380T,15,640236,11,640208,0.447395881
1_Control,Y380V,19,640236,22,640208,-0.211567201
1_Control,Y380W,12,640236,7,640208,0.777544483
1_Control,G381*,10,640236,10,640208,-6.31E-05
1_Control,G381A,10,640236,9,640208,0.151939997
1_Control,G381C,9,640236,13,640208,-0.530577813
1_Control,G381H,5,640236,9,640208,-0.848060003
1_Control,G381L,36,640236,16,640208,1.169861905
1_Control,G381N,2,640236,6,640208,-1.585025597
1_Control,G381P,12,640236,9,640208,0.414974403
1_Control,G381R,53,640236,25,640208,1.084001169
1_Control,G381S,13,640236,18,640208,-0.469548379
1_Control,G381T,33,640236,7,640208,2.236976101
1_Control,G381V,28,640236,16,640208,0.807291826
1_Control,G381W,18,640236,8,640208,1.169861905
1_Control,V382*,4,640236,17,640208,-2.087525937
1_Control,V382A,45,640236,27,640208,0.736902498
1_Control,V382C,37,640236,26,640208,0.508950551
1_Control,V382D,11,640236,14,640208,-0.347986399
1_Control,V382E,42,640236,20,640208,1.070326232
1_Control,V382F,19,640236,11,640208,0.788432799
1_Control,V382G,61,640236,51,640208,0.2582489
1_Control,V382H,11,640236,8,640208,0.459368523
1_Control,V382I,11,640236,6,640208,0.874406022
1_Control,V382K,15,640236,13,640208,0.206387781
1_Control,V382L,92,640236,41,640208,1.165946855
1_Control,V382M,46,640236,14,640208,1.716143938
1_Control,V382P,23,640236,22,640208,0.064067241
1_Control,V382Q,17,640236,15,640208,0.18050915
1_Control,V382R,25,640236,63,640208,-1.33348683
1_Control,V382S,33,640236,33,640208,-6.31E-05
1_Control,V382T,20,640236,10,640208,0.999936904
1_Control,V382W,34,640236,21,640208,0.695082322
1_Control,V382Y,8,640236,6,640208,0.414974403
1_Control,S383*,9,640236,26,640208,-1.530577813
1_Control,S383A,54,640236,48,640208,0.169861905
1_Control,S383C,58,640236,27,640208,1.103030397
1_Control,S383D,48,640236,17,640208,1.497436563
1_Control,S383E,24,640236,8,640208,1.584899405
1_Control,S383F,26,640236,16,640208,0.700376622
1_Control,S383G,71,640236,58,640208,0.291703028
1_Control,S383H,18,640236,9,640208,0.999936904
1_Control,S383I,17,640236,8,640208,1.087399745
1_Control,S383K,12,640236,10,640208,0.26297131
1_Control,S383L,72,640236,49,640208,0.555152061
1_Control,S383M,17,640236,6,640208,1.502437245
1_Control,S383N,23,640236,10,640208,1.201570765
1_Control,S383P,34,640236,22,640208,0.627968127
1_Control,S383Q,24,640236,12,640208,0.999936904
1_Control,S383R,89,640236,52,640208,0.775230617
1_Control,S383T,46,640236,35,640208,0.394215843
1_Control,S383V,72,640236,32,640208,1.169861905
1_Control,S383W,44,640236,34,640208,0.371905681
1_Control,S383Y,14,640236,11,640208,0.347860207
1_Control,P384*,3,640236,13,640208,-2.115540313
1_Control,P384A,30,640236,17,640208,0.819364658
1_Control,P384C,21,640236,16,640208,0.392254327
1_Control,P384E,17,640236,14,640208,0.280044823
1_Control,P384F,16,640236,7,640208,1.192581982
1_Control,P384G,37,640236,35,640208,0.080107253
1_Control,P384H,14,640236,19,640208,-0.440635687
1_Control,P384I,9,640236,7,640208,0.362506983
1_Control,P384L,48,640236,23,640208,1.061337449
1_Control,P384M,21,640236,11,640208,0.932822708
1_Control,P384R,55,640236,37,640208,0.571843252
1_Control,P384S,56,640236,36,640208,0.637366825
1_Control,P384T,23,640236,19,640208,0.275571347
1_Control,P384V,36,640236,22,640208,0.710430287
1_Control,P384W,12,640236,13,640208,-0.115540313
1_Control,P384Y,18,640236,8,640208,1.169861905
1_Control,T385*,4,640236,10,640208,-1.321991191
1_Control,T385A,50,640236,20,640208,1.321864999
1_Control,T385C,18,640236,14,640208,0.362506983
1_Control,T385F,16,640236,6,640208,1.414974403
1_Control,T385G,44,640236,31,640208,0.505172212
1_Control,T385K,4,640236,7,640208,-0.807418018
1_Control,T385L,27,640236,20,640208,0.432896311
1_Control,T385N,8,640236,7,640208,0.192581982
1_Control,T385P,7,640236,7,640208,-6.31E-05
1_Control,T385R,35,640236,20,640208,0.807291826
1_Control,T385S,50,640236,37,640208,0.434339728
1_Control,T385V,39,640236,22,640208,0.825907504
1_Control,T385W,20,640236,12,640208,0.736902498
1_Control,K386*,2,640236,16,640208,-3.000063096
1_Control,K386A,18,640236,17,640208,0.082399064
1_Control,K386C,9,640236,7,640208,0.362506983
1_Control,K386D,13,640236,8,640208,0.700376622
1_Control,K386E,15,640236,12,640208,0.321864999
1_Control,K386G,42,640236,26,640208,0.691814609
1_Control,K386H,4,640236,10,640208,-1.321991191
1_Control,K386L,44,640236,22,640208,0.999936904
1_Control,K386P,22,640236,13,640208,0.758928804
1_Control,K386R,33,640236,28,640208,0.236976101
1_Control,K386S,33,640236,27,640208,0.289443521
1_Control,K386T,21,640236,7,640208,1.584899405
1_Control,K386V,45,640236,20,640208,1.169861905
1_Control,K386W,18,640236,11,640208,0.710430287
1_Control,K386Y,8,640236,6,640208,0.414974403
1_Control,N388*,4,640236,22,640208,-2.459494715
1_Control,N388A,60,640236,17,640208,1.819364658
1_Control,N388C,25,640236,27,640208,-0.111094408
1_Control,N388D,38,640236,17,640208,1.160401576
1_Control,N388E,48,640236,21,640208,1.192581982
1_Control,N388F,24,640236,11,640208,1.125467786
1_Control,N388G,79,640236,45,640208,0.811864556
1_Control,N388H,26,640236,15,640208,0.793486027
1_Control,N388I,29,640236,17,640208,0.770455058
1_Control,N388K,38,640236,10,640208,1.925936323
1_Control,N388L,87,640236,55,640208,0.661520686
1_Control,N388M,25,640236,11,640208,1.184361475
1_Control,N388P,36,640236,21,640208,0.777544483
1_Control,N388Q,28,640236,12,640208,1.222329325
1_Control,N388R,71,640236,44,640208,0.690252405
1_Control,N388S,71,640236,52,640208,0.449244305
1_Control,N388T,67,640236,28,640208,1.258671172
1_Control,N388V,58,640236,36,640208,0.687992898
1_Control,N388W,15,640236,17,640208,-0.180635342
1_Control,N388Y,14,640236,15,640208,-0.09959877
1_Control,D389*,6,640236,17,640208,-1.502563437
1_Control,D389A,52,640236,31,640208,0.746180312
1_Control,D389C,23,640236,10,640208,1.201570765
1_Control,D389E,27,640236,26,640208,0.054384688
1_Control,D389F,14,640236,8,640208,0.807291826
1_Control,D389G,106,640236,48,640208,1.142894858
1_Control,D389I,6,640236,7,640208,-0.222455517
1_Control,D389L,29,640236,24,640208,0.272955398
1_Control,D389M,11,640236,9,640208,0.289443521
1_Control,D389N,18,640236,14,640208,0.362506983
1_Control,D389P,22,640236,15,640208,0.552477927
1_Control,D389Q,17,640236,7,640208,1.280044823
1_Control,D389R,66,640236,40,640208,0.722402928
1_Control,D389S,35,640236,19,640208,0.881292407
1_Control,D389T,32,640236,11,640208,1.540505285
1_Control,D389V,46,640236,38,640208,0.275571347
1_Control,D389W,27,640236,19,640208,0.506896893
1_Control,D389Y,30,640236,13,640208,1.206387781
1_Control,L390*,6,640236,9,640208,-0.585025597
1_Control,L390A,65,640236,32,640208,1.022304717
1_Control,L390C,17,640236,11,640208,0.627968127
1_Control,L390D,16,640236,22,640208,-0.459494715
1_Control,L390E,11,640236,9,640208,0.289443521
1_Control,L390F,28,640236,18,640208,0.637366825
1_Control,L390G,50,640236,35,640208,0.514510077
1_Control,L390H,21,640236,12,640208,0.807291826
1_Control,L390I,29,640236,6,640208,2.272955398
1_Control,L390K,11,640236,9,640208,0.289443521
1_Control,L390M,20,640236,15,640208,0.414974403
1_Control,L390P,45,640236,26,640208,0.791350282
1_Control,L390Q,28,640236,10,640208,1.485363731
1_Control,L390R,103,640236,49,640208,1.071727587
1_Control,L390S,79,640236,29,640208,1.445736657
1_Control,L390T,48,640236,24,640208,0.999936904
1_Control,L390V,63,640236,43,640208,0.550952073
1_Control,L390W,25,640236,22,640208,0.184361475
1_Control,L390Y,19,640236,7,640208,1.440509495
1_Control,N394*,2,640236,13,640208,-2.700502814
1_Control,N394A,36,640236,10,640208,1.847933811
1_Control,N394C,7,640236,6,640208,0.222329325
1_Control,N394D,27,640236,14,640208,0.947469484
1_Control,N394F,18,640236,10,640208,0.847933811
1_Control,N394G,49,640236,16,640208,1.614646748
1_Control,N394I,12,640236,6,640208,0.999936904
1_Control,N394K,23,640236,9,640208,1.353573859
1_Control,N394L,36,640236,28,640208,0.362506983
1_Control,N394P,17,640236,9,640208,0.917474744
1_Control,N394R,36,640236,22,640208,0.710430287
1_Control,N394S,45,640236,19,640208,1.243862487
1_Control,N394T,26,640236,10,640208,1.378448527
1_Control,N394V,31,640236,24,640208,0.369170714
1_Control,N394Y,12,640236,9,640208,0.414974403
1_Control,Y396*,15,640236,34,640208,-1.180635342
1_Control,Y396A,73,640236,26,640208,1.489321745
1_Control,Y396C,43,640236,22,640208,0.96677004
1_Control,Y396D,26,640236,7,640208,1.8930217
1_Control,Y396F,24,640236,20,640208,0.26297131
1_Control,Y396G,51,640236,45,640208,0.18050915
1_Control,Y396H,26,640236,10,640208,1.378448527
1_Control,Y396I,16,640236,7,640208,1.192581982
1_Control,Y396K,22,640236,13,640208,0.758928804
1_Control,Y396L,81,640236,27,640208,1.584899405
1_Control,Y396M,12,640236,13,640208,-0.115540313
1_Control,Y396N,16,640236,8,640208,0.999936904
1_Control,Y396P,25,640236,14,640208,0.836438172
1_Control,Y396Q,33,640236,9,640208,1.874406022
1_Control,Y396R,44,640236,42,640208,0.0670511
1_Control,Y396S,70,640236,36,640208,0.959294919
1_Control,Y396T,37,640236,14,640208,1.402035348
1_Control,Y396V,52,640236,25,640208,1.056520432
1_Control,Y396W,31,640236,22,640208,0.494701596
1_Control,D405*,27,640236,72,640208,-1.415100595
1_Control,D405A,150,640236,96,640208,0.643793094
1_Control,D405C,116,640236,65,640208,0.835550086
1_Control,D405E,73,640236,49,640208,0.575051619
1_Control,D405F,68,640236,64,640208,0.087399745
1_Control,D405G,241,640236,165,640208,0.546504026
1_Control,D405H,66,640236,24,640208,1.459368523
1_Control,D405I,66,640236,37,640208,0.834877658
1_Control,D405K,65,640236,24,640208,1.437342216
1_Control,D405L,184,640236,144,640208,0.353573859
1_Control,D405M,70,640236,39,640208,0.843817702
1_Control,D405N,45,640236,35,640208,0.362506983
1_Control,D405P,71,640236,77,640208,-0.117102517
1_Control,D405Q,46,640236,53,640208,-0.204421595
1_Control,D405R,141,640236,127,640208,0.15080357
1_Control,D405S,185,640236,130,640208,0.508950551
1_Control,D405T,85,640236,78,640208,0.123925621
1_Control,D405V,171,640236,142,640208,0.268042299
1_Control,D405W,53,640236,87,640208,-0.715086137
1_Control,D405Y,55,640236,39,640208,0.495894399
1_Control,R408*,26,640236,60,640208,-1.206513973
1_Control,R408A,130,640236,105,640208,0.308059199
1_Control,R408C,103,640236,65,640208,0.664069618
1_Control,R408D,56,640236,41,640208,0.449739821
1_Control,R408E,74,640236,44,640208,0.749958651
1_Control,R408F,44,640236,36,640208,0.289443521
1_Control,R408G,234,640236,165,640208,0.503979409
1_Control,R408H,40,640236,24,640208,0.736902498
1_Control,R408I,67,640236,46,640208,0.542464138
1_Control,R408K,54,640236,28,640208,0.947469484
1_Control,R408L,199,640236,132,640208,0.592167405
1_Control,R408M,78,640236,44,640208,0.825907504
1_Control,R408N,68,640236,26,640208,1.386960027
1_Control,R408P,81,640236,46,640208,0.816224951
1_Control,R408Q,37,640236,30,640208,0.302499674
1_Control,R408S,210,640236,103,640208,1.027681894
1_Control,R408T,66,640236,39,640208,0.758928804
1_Control,R408V,166,640236,103,640208,0.688475808
1_Control,R408W,104,640236,69,640208,0.591852165
1_Control,R408Y,68,640236,25,640208,1.443543555
1_Control,A411*,4,640236,35,640208,-3.129346113
1_Control,A411C,43,640236,34,640208,0.338738817
1_Control,A411D,59,640236,62,640208,-0.071616357
1_Control,A411E,72,640236,32,640208,1.169861905
1_Control,A411F,25,640236,30,640208,-0.263097502
1_Control,A411G,226,640236,146,640208,0.630291308
1_Control,A411H,29,640236,42,640208,-0.534399524
1_Control,A411I,39,640236,31,640208,0.331142812
1_Control,A411K,45,640236,29,640208,0.633809005
1_Control,A411L,150,640236,92,640208,0.705193638
1_Control,A411M,56,640236,36,640208,0.637366825
1_Control,A411N,29,640236,25,640208,0.214061709
1_Control,A411P,61,640236,52,640208,0.230234523
1_Control,A411Q,36,640236,18,640208,0.999936904
1_Control,A411R,148,640236,103,640208,0.522889742
1_Control,A411S,209,640236,134,640208,0.641206846
1_Control,A411T,72,640236,57,640208,0.336971891
1_Control,A411V,150,640236,123,640208,0.286241089
1_Control,A411W,50,640236,38,640208,0.39586558
1_Control,A411Y,27,640236,34,640208,-0.332638435
1_Control,P412*,22,640236,46,640208,-1.064193433
1_Control,P412A,90,640236,107,640208,-0.249676986
1_Control,P412C,39,640236,55,640208,-0.496020591
1_Control,P412D,31,640236,28,640208,0.146778292
1_Control,P412E,5,640236,7,640208,-0.485489923
1_Control,P412F,30,640236,50,640208,-0.73702869
1_Control,P412G,96,640236,81,640208,0.245049402
1_Control,P412H,33,640236,43,640208,-0.381933731
1_Control,P412I,35,640236,44,640208,-0.330211698
1_Control,P412K,27,640236,24,640208,0.169861905
1_Control,P412L,130,640236,126,640208,0.045024794
1_Control,P412M,49,640236,37,640208,0.405193382
1_Control,P412N,24,640236,32,640208,-0.415100595
1_Control,P412Q,45,640236,38,640208,0.243862487
1_Control,P412R,117,640236,71,640208,0.720554504
1_Control,P412S,194,640236,111,640208,0.80543388
1_Control,P412T,89,640236,61,640208,0.544932997
1_Control,P412V,109,640236,113,640208,-0.052057734
1_Control,P412W,23,640236,26,640208,-0.176940858
1_Control,P412Y,31,640236,23,640208,0.430571258
1_Control,G413*,14,640236,61,640208,-2.123445512
1_Control,G413A,159,640236,85,640208,0.903428923
1_Control,G413C,64,640236,47,640208,0.445348052
1_Control,G413D,29,640236,40,640208,-0.464010196
1_Control,G413E,73,640236,50,640208,0.545905273
1_Control,G413F,53,640236,37,640208,0.518403993
1_Control,G413H,34,640236,29,640208,0.22941875
1_Control,G413I,54,640236,29,640208,0.896843411
1_Control,G413K,62,640236,20,640208,1.632205119
1_Control,G413L,197,640236,131,640208,0.588565722
1_Control,G413M,80,640236,34,640208,1.234402158
1_Control,G413N,66,640236,28,640208,1.236976101
1_Control,G413P,40,640236,45,640208,-0.169988097
1_Control,G413Q,50,640236,30,640208,0.736902498
1_Control,G413R,288,640236,138,640208,1.061337449
1_Control,G413S,253,640236,89,640208,1.507197048
1_Control,G413T,120,640236,54,640208,1.151939997
1_Control,G413V,151,640236,109,640208,0.470157319
1_Control,G413W,105,640236,68,640208,0.62671958
1_Control,G413Y,52,640236,29,640208,0.842395627
1_Control,Q414*,24,640236,44,640208,-0.874532214
1_Control,Q414A,109,640236,28,640208,1.960766307
1_Control,Q414C,96,640236,34,640208,1.497436563
1_Control,Q414D,30,640236,27,640208,0.151939997
1_Control,Q414E,74,640236,27,640208,1.454502767
1_Control,Q414F,41,640236,31,640208,0.403292598
1_Control,Q414G,90,640236,44,640208,1.032358382
1_Control,Q414H,66,640236,34,640208,0.956868182
1_Control,Q414I,31,640236,14,640208,1.146778292
1_Control,Q414K,57,640236,18,640208,1.662901917
1_Control,Q414L,195,640236,90,640208,1.115414121
1_Control,Q414M,70,640236,21,640208,1.736902498
1_Control,Q414N,46,640236,22,640208,1.064067241
1_Control,Q414P,62,640236,45,640208,0.462280118
1_Control,Q414R,231,640236,88,640208,1.392254327
1_Control,Q414S,124,640236,56,640208,1.146778292
1_Control,Q414T,49,640236,42,640208,0.222329325
1_Control,Q414V,121,640236,64,640208,0.918800141
1_Control,Q414W,83,640236,45,640208,0.883123239
1_Control,Q414Y,35,640236,31,640208,0.175023611
1_Control,T415*,18,640236,64,640208,-1.830138095
1_Control,T415A,270,640236,108,640208,1.321864999
1_Control,T415C,74,640236,43,640208,0.783125515
1_Control,T415D,59,640236,38,640208,0.63465244
1_Control,T415E,70,640236,32,640208,1.129219921
1_Control,T415F,72,640236,36,640208,0.999936904
1_Control,T415G,174,640236,82,640208,1.085328395
1_Control,T415H,32,640236,42,640208,-0.392380519
1_Control,T415I,104,640236,44,640208,1.240945003
1_Control,T415K,38,640236,39,640208,-0.037537801
1_Control,T415L,179,640236,101,640208,0.825541198
1_Control,T415M,73,640236,39,640208,0.904359244
1_Control,T415N,59,640236,44,640208,0.423148335
1_Control,T415P,91,640236,63,640208,0.530451621
1_Control,T415Q,63,640236,26,640208,1.276777109
1_Control,T415R,224,640236,142,640208,0.657544707
1_Control,T415S,169,640236,112,640208,0.593461418
1_Control,T415V,230,640236,94,640208,1.290838103
1_Control,T415W,30,640236,44,640208,-0.552604119
1_Control,T415Y,46,640236,25,640208,0.87964267
1_Control,K417*,11,640236,46,640208,-2.064193433
1_Control,K417A,30,640236,19,640208,0.658899986
1_Control,K417C,42,640236,21,640208,0.999936904
1_Control,K417D,13,640236,7,640208,0.8930217
1_Control,K417E,44,640236,23,640208,0.935806567
1_Control,K417F,21,640236,12,640208,0.807291826
1_Control,K417G,181,640236,54,640208,1.744895289
1_Control,K417H,25,640236,17,640208,0.556330253
1_Control,K417I,30,640236,12,640208,1.321864999
1_Control,K417L,131,640236,63,640208,1.056079982
1_Control,K417M,53,640236,23,640208,1.204295402
1_Control,K417N,22,640236,19,640208,0.211441009
1_Control,K417P,29,640236,11,640208,1.39848628
1_Control,K417Q,29,640236,28,640208,0.050562977
1_Control,K417R,163,640236,84,640208,0.956347635
1_Control,K417S,97,640236,45,640208,1.10799665
1_Control,K417T,60,640236,38,640208,0.658899986
1_Control,K417V,57,640236,33,640208,0.788432799
1_Control,K417W,53,640236,42,640208,0.335539936
1_Control,K417Y,25,640236,15,640208,0.736902498
1_Control,D420*,15,640236,30,640208,-1.000063096
1_Control,D420A,302,640236,84,640208,1.846024221
1_Control,D420C,95,640236,48,640208,0.984830012
1_Control,D420E,206,640236,113,640208,0.866258469
1_Control,D420F,32,640236,13,640208,1.299497186
1_Control,D420G,452,640236,252,640208,0.842835943
1_Control,D420H,58,640236,34,640208,0.770455058
1_Control,D420I,13,640236,18,640208,-0.469548379
1_Control,D420K,24,640236,10,640208,1.26297131
1_Control,D420L,126,640236,54,640208,1.222329325
1_Control,D420M,50,640236,26,640208,0.943353376
1_Control,D420N,54,640236,24,640208,1.169861905
1_Control,D420P,23,640236,28,640208,-0.283856062
1_Control,D420Q,41,640236,24,640208,0.772526408
1_Control,D420R,214,640236,110,640208,0.960044177
1_Control,D420S,157,640236,49,640208,1.679847809
1_Control,D420T,49,640236,33,640208,0.570252629
1_Control,D420V,300,640236,163,640208,0.88002744
1_Control,D420W,33,640236,41,640208,-0.313220981
1_Control,D420Y,54,640236,24,640208,1.169861905
1_Control,Y421*,93,640236,227,640208,-1.287452772
1_Control,Y421A,224,640236,109,640208,1.039107501
1_Control,Y421C,257,640236,126,640208,1.02828153
1_Control,Y421D,221,640236,78,640208,1.502437245
1_Control,Y421E,153,640236,86,640208,0.831059992
1_Control,Y421F,150,640236,80,640208,0.9068275
1_Control,Y421G,451,640236,213,640208,1.082210907
1_Control,Y421H,125,640236,27,640208,2.210833686
1_Control,Y421I,51,640236,41,640208,0.314810241
1_Control,Y421K,108,640236,41,640208,1.397272402
1_Control,Y421L,420,640236,159,640208,1.401299466
1_Control,Y421M,79,640236,38,640208,1.055790139
1_Control,Y421N,158,640236,56,640208,1.49636273
1_Control,Y421P,52,640236,53,640208,-0.027543832
1_Control,Y421Q,98,640236,36,640208,1.444721747
1_Control,Y421R,238,640236,207,640208,0.20126771
1_Control,Y421S,359,640236,192,640208,0.902814437
1_Control,Y421T,68,640236,59,640208,0.204756696
1_Control,Y421V,286,640236,131,640208,1.126385239
1_Control,Y421W,284,640236,156,640208,0.864281805
1_Control,K424*,96,640236,233,640208,-1.27928674
1_Control,K424A,812,640236,341,640208,1.251644892
1_Control,K424C,329,640236,195,640208,0.754550364
1_Control,K424D,253,640236,169,640208,0.582051042
1_Control,K424E,398,640236,320,640208,0.31463343
1_Control,K424F,137,640236,120,640208,0.191078391
1_Control,K424G,1058,640236,721,640208,0.553205367
1_Control,K424H,236,640236,96,640208,1.297617453
1_Control,K424I,142,640236,92,640208,0.626122067
1_Control,K424L,498,640236,466,640208,0.095752691
1_Control,K424M,352,640236,258,640208,0.448141267
1_Control,K424N,366,640236,114,640208,1.682746728
1_Control,K424P,240,640236,188,640208,0.352238648
1_Control,K424Q,365,640236,140,640208,1.382406541
1_Control,K424R,1775,640236,650,640208,1.449244305
1_Control,K424S,1101,640236,403,640208,1.449899629
1_Control,K424T,639,640236,283,640208,1.174950782
1_Control,K424V,833,640236,493,640208,0.756665753
1_Control,K424W,285,640236,273,640208,0.061997872
1_Control,K424Y,155,640236,111,640208,0.481645443
1_Control,P426*,21,640236,74,640208,-1.817199039
1_Control,P426A,421,640236,236,640208,0.834970278
1_Control,P426C,39,640236,55,640208,-0.496020591
1_Control,P426D,73,640236,24,640208,1.604798962
1_Control,P426E,64,640236,49,640208,0.38522706
1_Control,P426F,24,640236,43,640208,-0.84136535
1_Control,P426G,238,640236,102,640208,1.222329325
1_Control,P426H,77,640236,73,640208,0.076898886
1_Control,P426I,26,640236,21,640208,0.308059199
1_Control,P426K,27,640236,33,640208,-0.289569713
1_Control,P426L,212,640236,234,640208,-0.142507361
1_Control,P426M,35,640236,40,640208,-0.192708174
1_Control,P426N,30,640236,14,640208,1.099472578
1_Control,P426Q,136,640236,106,640208,0.359479291
1_Control,P426R,285,640236,293,640208,-0.040001841
1_Control,P426S,390,640236,184,640208,1.083705262
1_Control,P426T,175,640236,147,640208,0.251475671
1_Control,P426V,120,640236,174,640208,-0.536115996
1_Control,P426W,45,640236,82,640208,-0.865762004
1_Control,P426Y,18,640236,21,640208,-0.222455517
1_Control,D427*,36,640236,102,640208,-1.502563437
1_Control,D427A,435,640236,175,640208,1.313597383
1_Control,D427C,205,640236,134,640208,0.613327813
1_Control,D427E,289,640236,109,640208,1.406678262
1_Control,D427F,175,640236,95,640208,0.881292407
1_Control,D427G,662,640236,313,640208,1.080605464
1_Control,D427H,163,640236,61,640208,1.417927721
1_Control,D427I,87,640236,65,640208,0.420512587
1_Control,D427K,98,640236,39,640208,1.329244529
1_Control,D427L,371,640236,198,640208,0.905855661
1_Control,D427M,165,640236,52,640208,1.6658194
1_Control,D427N,121,640236,77,640208,0.652013601
1_Control,D427P,191,640236,100,640208,0.933509542
1_Control,D427Q,101,640236,44,640208,1.198716768
1_Control,D427R,527,640236,217,640208,1.280044823
1_Control,D427S,479,640236,211,640208,1.182719561
1_Control,D427T,223,640236,106,640208,1.072916349
1_Control,D427V,646,640236,253,640208,1.352333684
1_Control,D427W,198,640236,103,640208,0.942792997
1_Control,D427Y,141,640236,57,640208,1.306598242
1_Control,D428*,35,640236,106,640208,-1.598700534
1_Control,D428A,487,640236,237,640208,1.038971617
1_Control,D428C,170,640236,120,640208,0.502437245
1_Control,D428E,399,640236,184,640208,1.116619884
1_Control,D428F,93,640236,76,640208,0.291168202
1_Control,D428G,775,640236,339,640208,1.192847941
1_Control,D428H,138,640236,55,640208,1.327101647
1_Control,D428I,65,640236,52,640208,0.321864999
1_Control,D428K,118,640236,66,640208,0.838185834
1_Control,D428L,195,640236,168,640208,0.214949795
1_Control,D428M,74,640236,38,640208,0.961462756
1_Control,D428N,63,640236,28,640208,1.169861905
1_Control,D428P,158,640236,108,640208,0.54883015
1_Control,D428Q,121,640236,62,640208,0.964603831
1_Control,D428R,548,640236,231,640208,1.246219946
1_Control,D428S,408,640236,215,640208,0.924169396
1_Control,D428T,207,640236,96,640208,1.108461361
1_Control,D428V,500,640236,285,640208,0.81090308
1_Control,D428W,182,640236,71,640208,1.357984425
1_Control,D428Y,154,640236,76,640208,1.018795931
1_Control,T430*,55,640236,188,640208,-1.773292234
1_Control,T430A,515,640236,257,640208,1.002740977
1_Control,T430C,266,640236,114,640208,1.222329325
1_Control,T430D,124,640236,99,640208,0.324776594
1_Control,T430E,256,640236,98,640208,1.38522706
1_Control,T430F,175,640236,87,640208,1.00820452
1_Control,T430G,326,640236,288,640208,0.178740057
1_Control,T430H,144,640236,80,640208,0.847933811
1_Control,T430I,142,640236,77,640208,0.882897483
1_Control,T430K,188,640236,76,640208,1.306598242
1_Control,T430L,465,640236,280,640208,0.731740793
1_Control,T430M,106,640236,81,640208,0.388007356
1_Control,T430N,109,640236,68,640208,0.680658388
1_Control,T430P,238,640236,262,640208,-0.138668334
1_Control,T430Q,225,640236,98,640208,1.199008251
1_Control,T430R,743,640236,358,640208,1.053339527
1_Control,T430S,717,640236,299,640208,1.261764538
1_Control,T430V,456,640236,287,640208,0.667919991
1_Control,T430W,242,640236,126,640208,0.941520218
1_Control,T430Y,142,640236,68,640208,1.062221182
2_Control,WT,67832,718708,50849,660627,0.294176818
2_Control,N437*,1,718708,12,660627,-3.706532311
2_Control,N437A,15,718708,22,660627,-0.674110834
2_Control,N437C,3,718708,13,660627,-2.237047028
2_Control,N437D,17,718708,19,660627,-0.282034483
2_Control,N437E,7,718708,8,660627,-0.314214889
2_Control,N437G,26,718708,32,660627,-0.421130093
2_Control,N437H,4,718708,14,660627,-1.928924733
2_Control,N437I,11,718708,12,660627,-0.247100693
2_Control,N437L,2,718708,18,660627,-3.291494812
2_Control,N437M,6,718708,14,660627,-1.343962232
2_Control,N437Q,5,718708,7,660627,-0.606996638
2_Control,N437R,19,718708,42,660627,-1.26595972
2_Control,N437S,10,718708,28,660627,-1.606996638
2_Control,N437T,2,718708,13,660627,-2.822009529
2_Control,N437V,9,718708,13,660627,-0.652084527
2_Control,N437Y,4,718708,14,660627,-1.928924733
2_Control,N439A,6,718708,6,660627,-0.121569811
2_Control,N439D,14,718708,10,660627,0.363857016
2_Control,N439G,15,718708,8,660627,0.785320785
2_Control,N439K,12,718708,8,660627,0.46339269
2_Control,N439M,1,718708,9,660627,-3.291494812
2_Control,N439R,16,718708,11,660627,0.418998571
2_Control,N439T,24,718708,11,660627,1.003961071
2_Control,N439V,8,718708,7,660627,0.071075267
2_Control,N440*,1,718708,24,660627,-4.706532311
2_Control,N440A,20,718708,16,660627,0.200358284
2_Control,N440C,11,718708,24,660627,-1.247100693
2_Control,N440D,26,718708,20,660627,0.256941812
2_Control,N440E,10,718708,23,660627,-1.323203672
2_Control,N440F,16,718708,15,660627,-0.028460406
2_Control,N440G,58,718708,61,660627,-0.194326153
2_Control,N440H,20,718708,27,660627,-0.554529218
2_Control,N440I,8,718708,22,660627,-1.581001429
2_Control,N440K,9,718708,17,660627,-1.039107651
2_Control,N440L,31,718708,20,660627,0.510698405
2_Control,N440M,17,718708,14,660627,0.158538108
2_Control,N440P,4,718708,9,660627,-1.291494812
2_Control,N440Q,9,718708,13,660627,-0.652084527
2_Control,N440R,58,718708,43,660627,0.31014643
2_Control,N440S,41,718708,50,660627,-0.407873996
2_Control,N440T,24,718708,21,660627,0.071075267
2_Control,N440V,26,718708,25,660627,-0.064986282
2_Control,N440W,13,718708,15,660627,-0.328020688
2_Control,N440Y,12,718708,18,660627,-0.706532311
2_Control,L441*,1,718708,9,660627,-3.291494812
2_Control,L441A,20,718708,16,660627,0.200358284
2_Control,L441C,8,718708,10,660627,-0.443497906
2_Control,L441E,8,718708,6,660627,0.293467689
2_Control,L441F,13,718708,22,660627,-0.880561711
2_Control,L441G,24,718708,18,660627,0.293467689
2_Control,L441H,17,718708,11,660627,0.506461412
2_Control,L441I,13,718708,10,660627,0.256941812
2_Control,L441M,7,718708,12,660627,-0.899177389
2_Control,L441P,10,718708,34,660627,-1.887104557
2_Control,L441Q,1,718708,10,660627,-3.443497906
2_Control,L441R,44,718708,35,660627,0.208578791
2_Control,L441S,23,718708,19,660627,0.154064632
2_Control,L441T,5,718708,8,660627,-0.799641716
2_Control,L441V,43,718708,34,660627,0.217232103
2_Control,K444*,11,718708,99,660627,-3.291494812
2_Control,K444A,89,718708,79,660627,0.050382872
2_Control,K444C,53,718708,88,660627,-0.853080975
2_Control,K444D,34,718708,33,660627,-0.078501089
2_Control,K444E,64,718708,56,660627,0.071075267
2_Control,K444F,12,718708,43,660627,-1.962872065
2_Control,K444G,103,718708,113,660627,-0.255248246
2_Control,K444H,24,718708,29,660627,-0.394588305
2_Control,K444I,14,718708,42,660627,-1.706532311
2_Control,K444L,139,718708,133,660627,-0.057911174
2_Control,K444M,52,718708,58,660627,-0.279111088
2_Control,K444N,31,718708,45,660627,-0.659226597
2_Control,K444P,62,718708,72,660627,-0.337298502
2_Control,K444Q,72,718708,67,660627,-0.017734
2_Control,K444R,151,718708,147,660627,-0.082837416
2_Control,K444S,128,718708,98,660627,0.263720345
2_Control,K444T,101,718708,97,660627,-0.06327117
2_Control,K444V,83,718708,106,660627,-0.474450834
2_Control,K444W,39,718708,85,660627,-1.245558528
2_Control,K444Y,21,718708,30,660627,-0.636142984
2_Control,V445A,31,718708,13,660627,1.132186781
2_Control,V445C,1,718708,6,660627,-2.706532311
2_Control,V445D,20,718708,14,660627,0.393003362
2_Control,V445E,4,718708,8,660627,-1.121569811
2_Control,V445F,7,718708,12,660627,-0.899177389
2_Control,V445G,40,718708,41,660627,-0.15719372
2_Control,V445I,9,718708,11,660627,-0.411076428
2_Control,V445L,17,718708,15,660627,0.059002435
2_Control,G446A,21,718708,16,660627,0.270747612
2_Control,G446C,14,718708,12,660627,0.100822611
2_Control,G446D,23,718708,15,660627,0.49510155
2_Control,G446E,7,718708,15,660627,-1.221105484
2_Control,G446M,1,718708,6,660627,-2.706532311
2_Control,G446P,1,718708,8,660627,-3.121569811
2_Control,G446R,23,718708,32,660627,-0.598007855
2_Control,G446S,24,718708,25,660627,-0.1804635
2_Control,G446V,28,718708,41,660627,-0.671766893
2_Control,G446W,6,718708,7,660627,-0.343962232
2_Control,G447A,31,718708,10,660627,1.510698405
2_Control,G447C,8,718708,14,660627,-0.928924733
2_Control,G447D,13,718708,14,660627,-0.228485015
2_Control,G447L,1,718708,10,660627,-3.443497906
2_Control,G447R,24,718708,8,660627,1.46339269
2_Control,G447S,17,718708,16,660627,-0.03410697
2_Control,G447V,45,718708,35,660627,0.241000269
2_Control,G447W,8,718708,10,660627,-0.443497906
2_Control,N448*,1,718708,10,660627,-3.443497906
2_Control,N448A,9,718708,19,660627,-1.199572323
2_Control,N448C,9,718708,10,660627,-0.273572904
2_Control,N448D,31,718708,32,660627,-0.1673735
2_Control,N448E,10,718708,10,660627,-0.121569811
2_Control,N448F,17,718708,7,660627,1.158538108
2_Control,N448G,28,718708,20,660627,0.363857016
2_Control,N448I,9,718708,6,660627,0.46339269
2_Control,N448L,3,718708,29,660627,-3.394588305
2_Control,N448M,20,718708,9,660627,1.030433283
2_Control,N448P,3,718708,8,660627,-1.53660731
2_Control,N448Q,5,718708,9,660627,-0.969566717
2_Control,N448R,31,718708,20,660627,0.510698405
2_Control,N448S,32,718708,28,660627,0.071075267
2_Control,N448T,33,718708,7,660627,2.115469387
2_Control,N448V,15,718708,17,660627,-0.302142056
2_Control,N448Y,7,718708,15,660627,-1.221105484
2_Control,Y449*,2,718708,23,660627,-3.645131767
2_Control,Y449A,30,718708,18,660627,0.615395783
2_Control,Y449C,28,718708,40,660627,-0.636142984
2_Control,Y449D,16,718708,14,660627,0.071075267
2_Control,Y449E,25,718708,7,660627,1.714931457
2_Control,Y449F,21,718708,27,660627,-0.48413989
2_Control,Y449G,50,718708,31,660627,0.568090069
2_Control,Y449H,13,718708,15,660627,-0.328020688
2_Control,Y449I,11,718708,13,660627,-0.36257791
2_Control,Y449L,31,718708,40,660627,-0.489301595
2_Control,Y449M,9,718708,7,660627,0.241000269
2_Control,Y449N,7,718708,13,660627,-1.014654607
2_Control,Y449P,9,718708,7,660627,0.241000269
2_Control,Y449R,35,718708,38,660627,-0.240214307
2_Control,Y449S,41,718708,40,660627,-0.085945901
2_Control,Y449T,19,718708,9,660627,0.956432701
2_Control,Y449V,10,718708,27,660627,-1.554529218
2_Control,Y449W,25,718708,16,660627,0.522286379
2_Control,N450*,1,718708,9,660627,-3.291494812
2_Control,N450A,13,718708,14,660627,-0.228485015
2_Control,N450C,11,718708,11,660627,-0.121569811
2_Control,N450D,21,718708,22,660627,-0.188684007
2_Control,N450E,9,718708,11,660627,-0.411076428
2_Control,N450G,32,718708,21,660627,0.486112766
2_Control,N450I,12,718708,8,660627,0.46339269
2_Control,N450K,13,718708,13,660627,-0.121569811
2_Control,N450L,8,718708,14,660627,-0.928924733
2_Control,N450M,14,718708,7,660627,0.878430189
2_Control,N450P,5,718708,13,660627,-1.500081434
2_Control,N450Q,2,718708,12,660627,-2.706532311
2_Control,N450R,41,718708,21,660627,0.843664771
2_Control,N450S,28,718708,16,660627,0.685785111
2_Control,N450T,3,718708,12,660627,-2.121569811
2_Control,N450V,18,718708,9,660627,0.878430189
2_Control,N450W,14,718708,14,660627,-0.121569811
2_Control,N450Y,17,718708,7,660627,1.158538108
2_Control,L452*,1,718708,8,660627,-3.121569811
2_Control,L452A,5,718708,7,660627,-0.606996638
2_Control,L452M,8,718708,16,660627,-1.121569811
2_Control,L452P,9,718708,7,660627,0.241000269
2_Control,L452Q,10,718708,7,660627,0.393003362
2_Control,L452R,26,718708,20,660627,0.256941812
2_Control,L452S,6,718708,10,660627,-0.858535405
2_Control,L452T,7,718708,10,660627,-0.636142984
2_Control,L452V,16,718708,8,660627,0.878430189
2_Control,L452W,8,718708,6,660627,0.293467689
2_Control,L455*,2,718708,10,660627,-2.443497906
2_Control,L455E,6,718708,6,660627,-0.121569811
2_Control,L455F,7,718708,11,660627,-0.773646507
2_Control,L455G,13,718708,8,660627,0.578869907
2_Control,L455M,7,718708,10,660627,-0.636142984
2_Control,L455P,7,718708,7,660627,-0.121569811
2_Control,L455Q,1,718708,7,660627,-2.928924733
2_Control,L455R,6,718708,9,660627,-0.706532311
2_Control,L455S,21,718708,13,660627,0.570307894
2_Control,L455V,14,718708,14,660627,-0.121569811
2_Control,L455W,31,718708,18,660627,0.662701498
2_Control,F456*,1,718708,6,660627,-2.706532311
2_Control,F456A,16,718708,13,660627,0.177990471
2_Control,F456C,8,718708,13,660627,-0.822009529
2_Control,F456D,6,718708,9,660627,-0.706532311
2_Control,F456G,26,718708,16,660627,0.578869907
2_Control,F456H,1,718708,7,660627,-2.928924733
2_Control,F456I,23,718708,21,660627,0.009674723
2_Control,F456L,53,718708,26,660627,0.905910926
2_Control,F456R,13,718708,14,660627,-0.228485015
2_Control,F456S,29,718708,19,660627,0.488483671
2_Control,F456V,27,718708,36,660627,-0.53660731
2_Control,R457A,4,718708,11,660627,-1.581001429
2_Control,R457G,12,718708,32,660627,-1.53660731
2_Control,R457K,8,718708,8,660627,-0.121569811
2_Control,R457L,12,718708,7,660627,0.656037768
2_Control,R457M,9,718708,8,660627,0.048355191
2_Control,R457S,11,718708,20,660627,-0.984066287
2_Control,R457V,6,718708,8,660627,-0.53660731
2_Control,R457W,13,718708,17,660627,-0.508592934
2_Control,K458*,4,718708,16,660627,-2.121569811
2_Control,K458E,35,718708,12,660627,1.422750705
2_Control,K458G,11,718708,8,660627,0.337861808
2_Control,K458N,4,718708,6,660627,-0.706532311
2_Control,K458R,23,718708,12,660627,0.817029645
2_Control,K458S,2,718708,6,660627,-1.706532311
2_Control,K458V,11,718708,8,660627,0.337861808
2_Control,K458W,3,718708,9,660627,-1.706532311
2_Control,S459*,1,718708,9,660627,-3.291494812
2_Control,S459A,42,718708,26,660627,0.570307894
2_Control,S459C,18,718708,23,660627,-0.475206765
2_Control,S459D,12,718708,7,660627,0.656037768
2_Control,S459F,20,718708,13,660627,0.499918566
2_Control,S459G,53,718708,45,660627,0.114497547
2_Control,S459I,2,718708,8,660627,-2.121569811
2_Control,S459L,29,718708,22,660627,0.276979566
2_Control,S459N,4,718708,6,660627,-0.706532311
2_Control,S459P,30,718708,28,660627,-0.022034137
2_Control,S459Q,4,718708,7,660627,-0.928924733
2_Control,S459R,19,718708,15,660627,0.219467107
2_Control,S459T,38,718708,11,660627,1.666926084
2_Control,S459V,34,718708,13,660627,1.265453312
2_Control,S459W,9,718708,21,660627,-1.343962232
2_Control,S459Y,10,718708,7,660627,0.393003362
2_Control,N460*,1,718708,13,660627,-3.822009529
2_Control,N460A,24,718708,13,660627,0.762952972
2_Control,N460C,23,718708,11,660627,0.942560527
2_Control,N460D,20,718708,35,660627,-0.928924733
2_Control,N460E,38,718708,16,660627,1.126357703
2_Control,N460G,44,718708,53,660627,-0.390058647
2_Control,N460H,17,718708,7,660627,1.158538108
2_Control,N460I,9,718708,16,660627,-0.951644809
2_Control,N460K,13,718708,10,660627,0.256941812
2_Control,N460L,30,718708,31,660627,-0.168875526
2_Control,N460M,15,718708,14,660627,-0.022034137
2_Control,N460P,10,718708,13,660627,-0.500081434
2_Control,N460Q,20,718708,13,660627,0.499918566
2_Control,N460R,70,718708,52,660627,0.307273488
2_Control,N460S,37,718708,35,660627,-0.041399462
2_Control,N460T,21,718708,12,660627,0.685785111
2_Control,N460V,24,718708,28,660627,-0.343962232
2_Control,N460W,7,718708,29,660627,-2.172195884
2_Control,N460Y,15,718708,14,660627,-0.022034137
2_Control,K462*,4,718708,19,660627,-2.369497324
2_Control,K462A,23,718708,15,660627,0.49510155
2_Control,K462C,6,718708,11,660627,-0.996038929
2_Control,K462D,4,718708,12,660627,-1.706532311
2_Control,K462E,35,718708,19,660627,0.759785693
2_Control,K462G,34,718708,32,660627,-0.03410697
2_Control,K462H,2,718708,7,660627,-1.928924733
2_Control,K462I,5,718708,12,660627,-1.384604217
2_Control,K462L,20,718708,34,660627,-0.887104557
2_Control,K462M,22,718708,19,660627,0.089934294
2_Control,K462N,6,718708,10,660627,-0.858535405
2_Control,K462P,1,718708,19,660627,-4.369497324
2_Control,K462Q,3,718708,7,660627,-1.343962232
2_Control,K462R,44,718708,27,660627,0.582974306
2_Control,K462S,18,718708,17,660627,-0.039107651
2_Control,K462T,15,718708,17,660627,-0.302142056
2_Control,K462V,21,718708,23,660627,-0.252814344
2_Control,K462W,11,718708,21,660627,-1.054455615
2_Control,P463*,6,718708,7,660627,-0.343962232
2_Control,P463A,31,718708,31,660627,-0.121569811
2_Control,P463C,4,718708,9,660627,-1.291494812
2_Control,P463D,2,718708,11,660627,-2.581001429
2_Control,P463F,12,718708,16,660627,-0.53660731
2_Control,P463G,15,718708,26,660627,-0.915118933
2_Control,P463H,10,718708,15,660627,-0.706532311
2_Control,P463L,12,718708,36,660627,-1.706532311
2_Control,P463Q,2,718708,11,660627,-2.581001429
2_Control,P463R,17,718708,41,660627,-1.391658974
2_Control,P463S,34,718708,49,660627,-0.648816814
2_Control,P463T,7,718708,22,660627,-1.773646507
2_Control,P463V,29,718708,35,660627,-0.392871833
2_Control,P463W,26,718708,7,660627,1.771514985
2_Control,F464*,1,718708,12,660627,-3.706532311
2_Control,F464A,23,718708,31,660627,-0.552204165
2_Control,F464C,31,718708,27,660627,0.077738997
2_Control,F464D,18,718708,18,660627,-0.121569811
2_Control,F464E,21,718708,11,660627,0.811315993
2_Control,F464G,41,718708,44,660627,-0.223449425
2_Control,F464H,15,718708,7,660627,0.977965863
2_Control,F464I,8,718708,18,660627,-1.291494812
2_Control,F464K,8,718708,8,660627,-0.121569811
2_Control,F464L,56,718708,66,660627,-0.358609008
2_Control,F464M,7,718708,14,660627,-1.121569811
2_Control,F464N,14,718708,6,660627,1.100822611
2_Control,F464P,13,718708,9,660627,0.408944906
2_Control,F464Q,7,718708,16,660627,-1.314214889
2_Control,F464R,31,718708,35,660627,-0.296656517
2_Control,F464S,45,718708,58,660627,-0.48769771
2_Control,F464T,14,718708,17,660627,-0.40167773
2_Control,F464V,30,718708,42,660627,-0.606996638
2_Control,F464W,20,718708,16,660627,0.200358284
2_Control,F464Y,18,718708,13,660627,0.347915473
2_Control,E465*,3,718708,13,660627,-2.237047028
2_Control,E465A,27,718708,28,660627,-0.174037231
2_Control,E465C,1,718708,7,660627,-2.928924733
2_Control,E465D,13,718708,22,660627,-0.880561711
2_Control,E465G,27,718708,44,660627,-0.826113927
2_Control,E465H,2,718708,7,660627,-1.928924733
2_Control,E465I,1,718708,8,660627,-3.121569811
2_Control,E465K,11,718708,7,660627,0.530506886
2_Control,E465L,6,718708,11,660627,-0.996038929
2_Control,E465M,1,718708,10,660627,-3.443497906
2_Control,E465P,4,718708,10,660627,-1.443497906
2_Control,E465Q,14,718708,11,660627,0.226353493
2_Control,E465R,25,718708,17,660627,0.434823538
2_Control,E465S,18,718708,18,660627,-0.121569811
2_Control,E465T,3,718708,9,660627,-1.706532311
2_Control,E465V,19,718708,32,660627,-0.873642297
2_Control,E465W,13,718708,23,660627,-0.944692049
2_Control,R466*,3,718708,10,660627,-1.858535405
2_Control,R466A,4,718708,12,660627,-1.706532311
2_Control,R466C,2,718708,14,660627,-2.928924733
2_Control,R466E,4,718708,11,660627,-1.581001429
2_Control,R466G,13,718708,46,660627,-1.944692049
2_Control,R466I,5,718708,14,660627,-1.606996638
2_Control,R466K,13,718708,8,660627,0.578869907
2_Control,R466L,3,718708,20,660627,-2.858535405
2_Control,R466M,4,718708,7,660627,-0.928924733
2_Control,R466S,17,718708,17,660627,-0.121569811
2_Control,R466V,2,718708,8,660627,-2.121569811
2_Control,R466W,1,718708,12,660627,-3.706532311
2_Control,I468*,5,718708,14,660627,-1.606996638
2_Control,I468A,16,718708,22,660627,-0.581001429
2_Control,I468C,6,718708,12,660627,-1.121569811
2_Control,I468F,10,718708,15,660627,-0.706532311
2_Control,I468G,47,718708,50,660627,-0.210837149
2_Control,I468K,5,718708,11,660627,-1.259073335
2_Control,I468L,31,718708,39,660627,-0.452775719
2_Control,I468M,14,718708,13,660627,-0.014654607
2_Control,I468N,41,718708,10,660627,1.914054099
2_Control,I468P,12,718708,7,660627,0.656037768
2_Control,I468R,22,718708,39,660627,-0.947540411
2_Control,I468S,43,718708,37,660627,0.095241578
2_Control,I468T,37,718708,17,660627,1.000420714
2_Control,I468V,41,718708,46,660627,-0.287579762
2_Control,I468W,4,718708,14,660627,-1.928924733
2_Control,I468Y,10,718708,6,660627,0.615395783
2_Control,S469*,4,718708,6,660627,-0.706532311
2_Control,S469A,30,718708,13,660627,1.084881067
2_Control,S469C,1,718708,8,660627,-3.121569811
2_Control,S469E,16,718708,9,660627,0.708505188
2_Control,S469G,17,718708,14,660627,0.158538108
2_Control,S469L,31,718708,22,660627,0.373194881
2_Control,S469P,19,718708,13,660627,0.425917985
2_Control,S469R,23,718708,14,660627,0.594637223
2_Control,S469T,19,718708,8,660627,1.126357703
2_Control,S469V,3,718708,15,660627,-2.443497906
2_Control,S469W,1,718708,9,660627,-3.291494812
2_Control,S469Y,10,718708,7,660627,0.393003362
2_Control,T470A,14,718708,20,660627,-0.636142984
2_Control,T470G,18,718708,9,660627,0.878430189
2_Control,T470I,10,718708,7,660627,0.393003362
2_Control,T470L,10,718708,7,660627,0.393003362
2_Control,T470P,7,718708,10,660627,-0.636142984
2_Control,T470R,12,718708,23,660627,-1.060169266
2_Control,T470S,24,718708,19,660627,0.215465177
2_Control,T470V,7,718708,10,660627,-0.636142984
2_Control,E471A,4,718708,11,660627,-1.581001429
2_Control,E471C,7,718708,8,660627,-0.314214889
2_Control,E471D,8,718708,8,660627,-0.121569811
2_Control,E471G,31,718708,28,660627,0.025271578
2_Control,E471K,4,718708,9,660627,-1.291494812
2_Control,E471L,6,718708,6,660627,-0.121569811
2_Control,E471R,6,718708,11,660627,-0.996038929
2_Control,E471S,3,718708,13,660627,-2.237047028
2_Control,E471V,7,718708,13,660627,-1.014654607
2_Control,Y473*,6,718708,19,660627,-1.784534823
2_Control,Y473A,37,718708,27,660627,0.332996053
2_Control,Y473C,24,718708,22,660627,0.003961071
2_Control,Y473D,17,718708,13,660627,0.265453312
2_Control,Y473E,13,718708,7,660627,0.771514985
2_Control,Y473F,9,718708,10,660627,-0.273572904
2_Control,Y473G,35,718708,52,660627,-0.692726512
2_Control,Y473H,9,718708,10,660627,-0.273572904
2_Control,Y473K,18,718708,17,660627,-0.039107651
2_Control,Y473L,16,718708,30,660627,-1.028460406
2_Control,Y473M,7,718708,13,660627,-1.014654607
2_Control,Y473P,5,718708,13,660627,-1.500081434
2_Control,Y473R,23,718708,29,660627,-0.45598885
2_Control,Y473S,44,718708,32,660627,0.337861808
2_Control,Y473V,33,718708,20,660627,0.600896214
2_Control,Y473W,23,718708,15,660627,0.49510155
2_Control,Q474*,16,718708,20,660627,-0.443497906
2_Control,Q474A,10,718708,15,660627,-0.706532311
2_Control,Q474C,3,718708,8,660627,-1.53660731
2_Control,Q474D,1,718708,15,660627,-4.028460406
2_Control,Q474E,7,718708,27,660627,-2.069102391
2_Control,Q474G,23,718708,26,660627,-0.298447573
2_Control,Q474H,11,718708,17,660627,-0.749601033
2_Control,Q474K,11,718708,10,660627,0.015933713
2_Control,Q474L,31,718708,52,660627,-0.867813219
2_Control,Q474P,22,718708,12,660627,0.752899307
2_Control,Q474R,61,718708,47,660627,0.254578675
2_Control,Q474S,20,718708,18,660627,0.030433283
2_Control,Q474V,15,718708,7,660627,0.977965863
2_Control,Q474W,6,718708,15,660627,-1.443497906
2_Control,A475D,12,718708,17,660627,-0.624070151
2_Control,A475E,4,718708,8,660627,-1.121569811
2_Control,A475F,7,718708,6,660627,0.100822611
2_Control,A475G,37,718708,14,660627,1.280528633
2_Control,A475L,12,718708,12,660627,-0.121569811
2_Control,A475P,27,718708,24,660627,0.048355191
2_Control,A475R,11,718708,6,660627,0.752899307
2_Control,A475S,26,718708,15,660627,0.671979312
2_Control,A475T,10,718708,20,660627,-1.121569811
2_Control,A475V,31,718708,38,660627,-0.415301014
2_Control,S477*,1,718708,12,660627,-3.706532311
2_Control,S477A,49,718708,29,660627,0.635159038
2_Control,S477C,22,718708,39,660627,-0.947540411
2_Control,S477D,17,718708,6,660627,1.38093053
2_Control,S477E,14,718708,17,660627,-0.40167773
2_Control,S477F,27,718708,14,660627,0.825962769
2_Control,S477G,80,718708,83,660627,-0.174681147
2_Control,S477H,13,718708,6,660627,0.993907407
2_Control,S477I,23,718708,11,660627,0.942560527
2_Control,S477K,8,718708,13,660627,-0.822009529
2_Control,S477L,59,718708,54,660627,0.006185736
2_Control,S477M,26,718708,12,660627,0.993907407
2_Control,S477N,10,718708,11,660627,-0.259073335
2_Control,S477P,28,718708,18,660627,0.51586011
2_Control,S477Q,14,718708,7,660627,0.878430189
2_Control,S477R,82,718708,88,660627,-0.223449425
2_Control,S477T,25,718708,16,660627,0.522286379
2_Control,S477V,61,718708,56,660627,0.001812605
2_Control,S477W,11,718708,19,660627,-0.910065706
2_Control,S477Y,9,718708,8,660627,0.048355191
2_Control,T478*,5,718708,54,660627,-3.554529218
2_Control,T478A,159,718708,149,660627,-0.027855376
2_Control,T478C,40,718708,31,660627,0.246161974
2_Control,T478D,39,718708,19,660627,0.915904895
2_Control,T478E,19,718708,19,660627,-0.121569811
2_Control,T478F,46,718708,27,660627,0.647104643
2_Control,T478G,81,718708,59,660627,0.335637143
2_Control,T478H,39,718708,29,660627,0.305851413
2_Control,T478I,51,718708,54,660627,-0.204031971
2_Control,T478K,23,718708,28,660627,-0.405362777
2_Control,T478L,127,718708,85,660627,0.45772394
2_Control,T478M,50,718708,48,660627,-0.062676122
2_Control,T478N,26,718708,18,660627,0.408944906
2_Control,T478P,82,718708,52,660627,0.535542476
2_Control,T478Q,46,718708,12,660627,1.817029645
2_Control,T478R,99,718708,77,660627,0.241000269
2_Control,T478S,164,718708,118,660627,0.353339145
2_Control,T478V,87,718708,67,660627,0.255284495
2_Control,T478W,33,718708,30,660627,0.015933713
2_Control,T478Y,37,718708,22,660627,0.628451936
2_Control,P479*,8,718708,32,660627,-2.121569811
2_Control,P479A,213,718708,138,660627,0.504615353
2_Control,P479C,59,718708,47,660627,0.206484387
2_Control,P479D,17,718708,8,660627,0.96589303
2_Control,P479E,9,718708,25,660627,-1.595500999
2_Control,P479F,55,718708,66,660627,-0.384604217
2_Control,P479G,90,718708,63,660627,0.393003362
2_Control,P479H,63,718708,73,660627,-0.334114446
2_Control,P479I,40,718708,32,660627,0.200358284
2_Control,P479K,21,718708,20,660627,-0.051180483
2_Control,P479L,162,718708,155,660627,-0.057844213
2_Control,P479M,39,718708,27,660627,0.408944906
2_Control,P479N,29,718708,23,660627,0.212849228
2_Control,P479Q,43,718708,34,660627,0.217232103
2_Control,P479R,162,718708,121,660627,0.299416955
2_Control,P479S,189,718708,162,660627,0.100822611
2_Control,P479T,138,718708,125,660627,0.021170361
2_Control,P479V,126,718708,100,660627,0.211853923
2_Control,P479W,22,718708,40,660627,-0.984066287
2_Control,P479Y,20,718708,27,660627,-0.554529218
2_Control,N481*,5,718708,43,660627,-3.225906471
2_Control,N481A,38,718708,38,660627,-0.121569811
2_Control,N481C,58,718708,61,660627,-0.194326153
2_Control,N481D,106,718708,76,660627,0.35842313
2_Control,N481E,47,718708,38,660627,0.185091527
2_Control,N481F,86,718708,68,660627,0.217232103
2_Control,N481G,103,718708,66,660627,0.520536597
2_Control,N481H,94,718708,55,660627,0.651659327
2_Control,N481I,105,718708,78,660627,0.307273488
2_Control,N481K,78,718708,54,660627,0.408944906
2_Control,N481L,131,718708,105,660627,0.197607673
2_Control,N481M,84,718708,41,660627,0.913195607
2_Control,N481P,25,718708,28,660627,-0.285068543
2_Control,N481Q,35,718708,43,660627,-0.418551549
2_Control,N481R,93,718708,61,660627,0.486851663
2_Control,N481S,139,718708,98,660627,0.382661418
2_Control,N481T,68,718708,75,660627,-0.26292566
2_Control,N481V,82,718708,66,660627,0.191588075
2_Control,N481W,18,718708,34,660627,-1.039107651
2_Control,N481Y,64,718708,61,660627,-0.052307148
2_Control,G482*,1,718708,11,660627,-3.581001429
2_Control,G482A,89,718708,72,660627,0.184238619
2_Control,G482C,71,718708,50,660627,0.384321119
2_Control,G482D,87,718708,52,660627,0.620933967
2_Control,G482E,49,718708,46,660627,-0.030421923
2_Control,G482F,5,718708,15,660627,-1.706532311
2_Control,G482L,32,718708,19,660627,0.630502676
2_Control,G482P,8,718708,13,660627,-0.822009529
2_Control,G482Q,8,718708,7,660627,0.071075267
2_Control,G482R,103,718708,104,660627,-0.135509002
2_Control,G482S,81,718708,48,660627,0.633317691
2_Control,G482T,25,718708,10,660627,1.200358284
2_Control,G482V,139,718708,126,660627,0.020091338
2_Control,G482W,40,718708,63,660627,-0.776921639
2_Control,G482Y,4,718708,7,660627,-0.928924733
2_Control,V483*,2,718708,32,660627,-4.121569811
2_Control,V483A,82,718708,83,660627,-0.139057237
2_Control,V483C,54,718708,53,660627,-0.094602763
2_Control,V483D,64,718708,52,660627,0.177990471
2_Control,V483E,52,718708,56,660627,-0.228485015
2_Control,V483F,142,718708,96,660627,0.443214808
2_Control,V483G,188,718708,147,660627,0.233346696
2_Control,V483H,15,718708,18,660627,-0.384604217
2_Control,V483I,55,718708,54,660627,-0.095097599
2_Control,V483L,110,718708,92,660627,0.136227947
2_Control,V483M,33,718708,25,660627,0.278968119
2_Control,V483N,12,718708,14,660627,-0.343962232
2_Control,V483P,11,718708,30,660627,-1.569028788
2_Control,V483Q,25,718708,9,660627,1.352361378
2_Control,V483R,89,718708,79,660627,0.050382872
2_Control,V483S,58,718708,66,660627,-0.307982935
2_Control,V483T,43,718708,51,660627,-0.367730398
2_Control,V483W,22,718708,16,660627,0.337861808
2_Control,V483Y,13,718708,18,660627,-0.591055094
2_Control,E484*,14,718708,53,660627,-2.042135343
2_Control,E484A,97,718708,68,660627,0.39088019
2_Control,E484C,17,718708,48,660627,-1.61906947
2_Control,E484D,102,718708,80,660627,0.228927436
2_Control,E484F,22,718708,23,660627,-0.185700148
2_Control,E484G,178,718708,168,660627,-0.038153803
2_Control,E484H,23,718708,21,660627,0.009674723
2_Control,E484I,26,718708,25,660627,-0.064986282
2_Control,E484K,36,718708,36,660627,-0.121569811
2_Control,E484L,105,718708,99,660627,-0.036680913
2_Control,E484M,21,718708,46,660627,-1.252814344
2_Control,E484N,29,718708,22,660627,0.276979566
2_Control,E484P,32,718708,34,660627,-0.209032652
2_Control,E484Q,28,718708,17,660627,0.59832227
2_Control,E484R,107,718708,87,660627,0.17695368
2_Control,E484S,87,718708,75,660627,0.092554995
2_Control,E484T,29,718708,37,660627,-0.473042181
2_Control,E484V,197,718708,156,660627,0.21507979
2_Control,E484W,21,718708,43,660627,-1.155517143
2_Control,E484Y,15,718708,35,660627,-1.343962232
2_Control,G485*,1,718708,6,660627,-2.706532311
2_Control,G485A,58,718708,35,660627,0.607128167
2_Control,G485C,45,718708,38,660627,0.122355772
2_Control,G485D,45,718708,39,660627,0.084881067
2_Control,G485E,28,718708,28,660627,-0.121569811
2_Control,G485P,7,718708,9,660627,-0.48413989
2_Control,G485R,115,718708,92,660627,0.200358284
2_Control,G485S,74,718708,28,660627,1.280528633
2_Control,G485V,70,718708,76,660627,-0.240214307
2_Control,G485W,45,718708,46,660627,-0.15327867
2_Control,F486*,1,718708,29,660627,-4.979550806
2_Control,F486A,25,718708,27,660627,-0.232601123
2_Control,F486C,42,718708,43,660627,-0.155517143
2_Control,F486D,10,718708,15,660627,-0.706532311
2_Control,F486E,13,718708,30,660627,-1.328020688
2_Control,F486G,50,718708,35,660627,0.393003362
2_Control,F486I,39,718708,29,660627,0.305851413
2_Control,F486L,122,718708,103,660627,0.122667
2_Control,F486P,2,718708,10,660627,-2.443497906
2_Control,F486Q,9,718708,6,660627,0.46339269
2_Control,F486R,12,718708,20,660627,-0.858535405
2_Control,F486S,68,718708,47,660627,0.411304179
2_Control,F486T,16,718708,13,660627,0.177990471
2_Control,F486V,54,718708,58,660627,-0.224663304
2_Control,F486W,46,718708,30,660627,0.49510155
2_Control,F486Y,17,718708,26,660627,-0.734546688
2_Control,N487*,1,718708,23,660627,-4.645131767
2_Control,N487A,37,718708,17,660627,1.000420714
2_Control,N487C,57,718708,39,660627,0.425917985
2_Control,N487D,52,718708,41,660627,0.221317903
2_Control,N487E,43,718708,33,660627,0.260300825
2_Control,N487F,14,718708,26,660627,-1.014654607
2_Control,N487G,75,718708,74,660627,-0.102204486
2_Control,N487H,23,718708,35,660627,-0.727290872
2_Control,N487I,11,718708,37,660627,-1.871591558
2_Control,N487K,26,718708,21,660627,0.186552485
2_Control,N487L,51,718708,35,660627,0.421572514
2_Control,N487M,25,718708,13,660627,0.821846661
2_Control,N487P,9,718708,10,660627,-0.273572904
2_Control,N487Q,18,718708,12,660627,0.46339269
2_Control,N487R,58,718708,42,660627,0.344093762
2_Control,N487S,63,718708,47,660627,0.301121261
2_Control,N487T,35,718708,32,660627,0.007713206
2_Control,N487V,43,718708,34,660627,0.217232103
2_Control,N487W,22,718708,20,660627,0.015933713
2_Control,N487Y,35,718708,19,660627,0.759785693
2_Control,Y489*,13,718708,59,660627,-2.303773142
2_Control,Y489A,9,718708,17,660627,-1.039107651
2_Control,Y489C,15,718708,10,660627,0.46339269
2_Control,Y489E,11,718708,13,660627,-0.36257791
2_Control,Y489G,26,718708,14,660627,0.771514985
2_Control,Y489H,5,718708,15,660627,-1.706532311
2_Control,Y489L,33,718708,9,660627,1.752899307
2_Control,Y489R,9,718708,19,660627,-1.199572323
2_Control,Y489S,33,718708,9,660627,1.752899307
2_Control,Y489T,16,718708,10,660627,0.556502094
2_Control,Y489V,10,718708,10,660627,-0.121569811
2_Control,Y489W,21,718708,30,660627,-0.636142984
2_Control,F490*,8,718708,39,660627,-2.40697203
2_Control,F490A,81,718708,48,660627,0.633317691
2_Control,F490C,62,718708,49,660627,0.217916656
2_Control,F490D,28,718708,8,660627,1.685785111
2_Control,F490E,25,718708,17,660627,0.434823538
2_Control,F490G,62,718708,54,660627,0.077738997
2_Control,F490I,36,718708,42,660627,-0.343962232
2_Control,F490L,132,718708,71,660627,0.773077189
2_Control,F490M,9,718708,7,660627,0.241000269
2_Control,F490P,4,718708,10,660627,-1.443497906
2_Control,F490Q,1,718708,8,660627,-3.121569811
2_Control,F490R,25,718708,13,660627,0.821846661
2_Control,F490S,51,718708,31,660627,0.596659221
2_Control,F490V,92,718708,74,660627,0.19253878
2_Control,F490W,73,718708,59,660627,0.185611699
2_Control,F490Y,21,718708,19,660627,0.022820099
2_Control,L492*,3,718708,45,660627,-4.028460406
2_Control,L492A,40,718708,82,660627,-1.15719372
2_Control,L492C,26,718708,54,660627,-1.176017595
2_Control,L492D,19,718708,41,660627,-1.231194302
2_Control,L492E,12,718708,43,660627,-1.962872065
2_Control,L492F,63,718708,26,660627,1.155270395
2_Control,L492G,48,718708,112,660627,-1.343962232
2_Control,L492H,11,718708,14,660627,-0.469493114
2_Control,L492I,24,718708,20,660627,0.141464595
2_Control,L492K,22,718708,12,660627,0.752899307
2_Control,L492M,27,718708,22,660627,0.173886073
2_Control,L492P,17,718708,22,660627,-0.493538588
2_Control,L492Q,31,718708,27,660627,0.077738997
2_Control,L492R,63,718708,86,660627,-0.570554642
2_Control,L492S,52,718708,94,660627,-0.975718944
2_Control,L492T,47,718708,27,660627,0.678131539
2_Control,L492V,82,718708,122,660627,-0.694755144
2_Control,L492W,7,718708,47,660627,-2.86880374
2_Control,L492Y,3,718708,21,660627,-2.928924733
2_Control,Q493*,10,718708,45,660627,-2.291494812
2_Control,Q493A,36,718708,30,660627,0.141464595
2_Control,Q493C,22,718708,10,660627,1.015933713
2_Control,Q493D,16,718708,9,660627,0.708505188
2_Control,Q493E,13,718708,30,660627,-1.328020688
2_Control,Q493F,21,718708,20,660627,-0.051180483
2_Control,Q493G,47,718708,35,660627,0.303736024
2_Control,Q493H,58,718708,52,660627,0.035971466
2_Control,Q493L,116,718708,102,660627,0.063985842
2_Control,Q493M,22,718708,15,660627,0.430971212
2_Control,Q493P,22,718708,60,660627,-1.569028788
2_Control,Q493R,134,718708,148,660627,-0.264933986
2_Control,Q493S,20,718708,33,660627,-0.844035835
2_Control,Q493T,31,718708,32,660627,-0.1673735
2_Control,Q493V,24,718708,36,660627,-0.706532311
2_Control,Q493W,31,718708,18,660627,0.662701498
2_Control,Q493Y,18,718708,19,660627,-0.199572323
2_Control,S494*,8,718708,32,660627,-2.121569811
2_Control,S494A,116,718708,79,660627,0.432630436
2_Control,S494C,30,718708,17,660627,0.697857944
2_Control,S494D,16,718708,6,660627,1.293467689
2_Control,S494E,50,718708,31,660627,0.568090069
2_Control,S494F,24,718708,12,660627,0.878430189
2_Control,S494G,27,718708,22,660627,0.173886073
2_Control,S494H,21,718708,11,660627,0.811315993
2_Control,S494I,1,718708,7,660627,-2.928924733
2_Control,S494L,11,718708,45,660627,-2.153991288
2_Control,S494M,11,718708,9,660627,0.167936806
2_Control,S494P,41,718708,27,660627,0.481094692
2_Control,S494Q,40,718708,12,660627,1.615395783
2_Control,S494R,23,718708,23,660627,-0.121569811
2_Control,S494T,26,718708,40,660627,-0.743058188
2_Control,S494V,24,718708,20,660627,0.141464595
2_Control,S494W,12,718708,25,660627,-1.1804635
2_Control,S494Y,26,718708,8,660627,1.578869907
2_Control,Q498*,55,718708,513,660627,-3.343025113
2_Control,Q498A,319,718708,229,660627,0.356639015
2_Control,Q498C,64,718708,81,660627,-0.461419814
2_Control,Q498D,72,718708,98,660627,-0.566354653
2_Control,Q498E,365,718708,325,660627,0.045886935
2_Control,Q498F,96,718708,54,660627,0.708505188
2_Control,Q498G,424,718708,407,660627,-0.06253434
2_Control,Q498H,478,718708,296,660627,0.569843632
2_Control,Q498I,52,718708,43,660627,0.152605153
2_Control,Q498K,326,718708,230,660627,0.381668293
2_Control,Q498L,1239,718708,921,660627,0.306333315
2_Control,Q498M,250,718708,142,660627,0.694467354
2_Control,Q498N,199,718708,173,660627,0.080426582
2_Control,Q498P,382,718708,412,660627,-0.23064151
2_Control,Q498R,1551,718708,1194,660627,0.255826039
2_Control,Q498S,349,718708,232,660627,0.46753242
2_Control,Q498T,247,718708,170,660627,0.417406485
2_Control,Q498V,189,718708,193,660627,-0.151784424
2_Control,Q498W,663,718708,466,660627,0.387109105
2_Control,Q498Y,253,718708,147,660627,0.661751419
2_Control,P499*,16,718708,120,660627,-3.028460406
2_Control,P499A,610,718708,433,660627,0.372872407
2_Control,P499C,141,718708,111,660627,0.223565675
2_Control,P499D,91,718708,88,660627,-0.073206789
2_Control,P499E,97,718708,72,660627,0.30841803
2_Control,P499F,136,718708,86,660627,0.539628276
2_Control,P499G,380,718708,212,660627,0.720365343
2_Control,P499H,133,718708,132,660627,-0.110681495
2_Control,P499I,71,718708,76,660627,-0.219750205
2_Control,P499K,56,718708,61,660627,-0.244952226
2_Control,P499L,530,718708,524,660627,-0.105144263
2_Control,P499M,92,718708,86,660627,-0.024272609
2_Control,P499N,63,718708,63,660627,-0.121569811
2_Control,P499Q,145,718708,108,660627,0.303451777
2_Control,P499R,449,718708,412,660627,0.002501297
2_Control,P499S,549,718708,449,660627,0.168520894
2_Control,P499T,308,718708,258,660627,0.133989475
2_Control,P499V,319,718708,216,660627,0.440955301
2_Control,P499W,113,718708,120,660627,-0.208281444
2_Control,P499Y,129,718708,86,660627,0.46339269
2_Control,T500*,46,718708,196,660627,-2.212717699
2_Control,T500A,1178,718708,837,660627,0.371470201
2_Control,T500C,317,718708,266,660627,0.131486784
2_Control,T500D,453,718708,304,660627,0.453869916
2_Control,T500E,207,718708,214,660627,-0.16954984
2_Control,T500F,384,718708,323,660627,0.128002335
2_Control,T500G,854,718708,645,660627,0.283367099
2_Control,T500H,53,718708,43,660627,0.180085889
2_Control,T500I,376,718708,309,660627,0.161556013
2_Control,T500K,204,718708,148,660627,0.341402166
2_Control,T500L,674,718708,509,660627,0.283513124
2_Control,T500M,327,718708,210,660627,0.517331497
2_Control,T500N,346,718708,249,660627,0.353056485
2_Control,T500P,577,718708,499,660627,0.087961693
2_Control,T500Q,52,718708,43,660627,0.152605153
2_Control,T500R,724,718708,556,660627,0.259335004
2_Control,T500S,1460,718708,994,660627,0.433080801
2_Control,T500V,838,718708,665,660627,0.212026093
2_Control,T500W,170,718708,150,660627,0.059002435
2_Control,T500Y,339,718708,226,660627,0.46339269
2_Control,N501*,100,718708,775,660627,-3.075766121
2_Control,N501A,463,718708,425,660627,0.001979541
2_Control,N501C,892,718708,532,660627,0.624047654
2_Control,N501D,843,718708,581,660627,0.415424657
2_Control,N501E,789,718708,590,660627,0.297740535
2_Control,N501F,961,718708,617,660627,0.517696131
2_Control,N501G,1528,718708,1104,660627,0.347334561
2_Control,N501H,833,718708,577,660627,0.408175366
2_Control,N501I,1017,718708,601,660627,0.637312972
2_Control,N501K,717,718708,532,660627,0.308977062
2_Control,N501L,1091,718708,871,660627,0.203336667
2_Control,N501M,803,718708,519,660627,0.508095638
2_Control,N501P,556,718708,380,660627,0.427515654
2_Control,N501Q,610,718708,443,660627,0.339932733
2_Control,N501R,1258,718708,1050,660627,0.139172784
2_Control,N501S,1598,718708,1090,660627,0.430369463
2_Control,N501T,1082,718708,890,660627,0.160253447
2_Control,N501V,1311,718708,885,660627,0.445348514
2_Control,N501W,435,718708,305,660627,0.390636348
2_Control,N501Y,857,718708,639,660627,0.301909462
2_Control,V503*,98,718708,770,660627,-3.095574602
2_Control,V503A,1779,718708,1217,660627,0.426167532
2_Control,V503C,890,718708,569,660627,0.523806873
2_Control,V503D,839,718708,478,660627,0.690090382
2_Control,V503E,864,718708,718,660627,0.145477658
2_Control,V503F,986,718708,759,660627,0.25591795
2_Control,V503G,2344,718708,1978,660627,0.123360333
2_Control,V503H,795,718708,346,660627,1.078613012
2_Control,V503I,781,718708,530,660627,0.437760378
2_Control,V503K,505,718708,451,660627,0.041586144
2_Control,V503L,2079,718708,1872,660627,0.029739513
2_Control,V503M,801,718708,543,660627,0.439280234
2_Control,V503N,515,718708,384,660627,0.301896311
2_Control,V503P,1209,718708,1152,660627,-0.051896283
2_Control,V503Q,635,718708,478,660627,0.288176163
2_Control,V503R,2197,718708,1526,660627,0.404210097
2_Control,V503S,2370,718708,1587,660627,0.45701512
2_Control,V503T,1167,718708,735,660627,0.545418595
2_Control,V503W,730,718708,467,660627,0.522904103
2_Control,V503Y,600,718708,421,660627,0.389572457
2_Control,G504*,54,718708,488,660627,-3.297419646
2_Control,G504A,2061,718708,1498,660627,0.33873707
2_Control,G504C,1295,718708,860,660627,0.468973722
2_Control,G504D,872,718708,515,660627,0.638185892
2_Control,G504E,856,718708,615,660627,0.355454575
2_Control,G504F,343,718708,254,660627,0.311810269
2_Control,G504H,280,718708,261,660627,-0.02019279
2_Control,G504I,340,718708,289,660627,0.112895443
2_Control,G504K,352,718708,253,660627,0.354868233
2_Control,G504L,1308,718708,875,660627,0.458437808
2_Control,G504M,452,718708,379,660627,0.132555113
2_Control,G504N,242,718708,219,660627,0.022506367
2_Control,G504P,630,718708,423,660627,0.453124355
2_Control,G504Q,371,718708,274,660627,0.315673483
2_Control,G504R,2916,718708,2247,660627,0.254420784
2_Control,G504S,1680,718708,1097,660627,0.493327897
2_Control,G504T,614,718708,505,660627,0.160385457
2_Control,G504V,2775,718708,2220,660627,0.200358284
2_Control,G504W,1436,718708,1156,660627,0.191344541
2_Control,G504Y,405,718708,254,660627,0.5515236
2_Control,Y505*,174,718708,1075,660627,-2.748747259
2_Control,Y505A,963,718708,884,660627,0.001919618
2_Control,Y505C,957,718708,647,660627,0.443183402
2_Control,Y505D,413,718708,438,660627,-0.206358899
2_Control,Y505E,594,718708,604,660627,-0.145655429
2_Control,Y505F,658,718708,470,660627,0.363857016
2_Control,Y505G,1458,718708,1464,660627,-0.127494645
2_Control,Y505H,360,718708,290,660627,0.190374196
2_Control,Y505I,417,718708,282,660627,0.44278241
2_Control,Y505K,351,718708,364,660627,-0.174037231
2_Control,Y505L,1619,718708,1321,660627,0.171902708
2_Control,Y505M,450,718708,381,660627,0.118564193
2_Control,Y505N,318,718708,225,660627,0.377531953
2_Control,Y505P,357,718708,442,660627,-0.429692106
2_Control,Y505Q,340,718708,314,660627,-0.006799624
2_Control,Y505R,1805,718708,1383,660627,0.26262787
2_Control,Y505S,1085,718708,1145,660627,-0.199222366
2_Control,Y505T,913,718708,571,660627,0.555554304
2_Control,Y505V,2136,718708,1251,660627,0.650260047
2_Control,Y505W,1177,718708,894,660627,0.275197773
2_Control,Q506*,17,718708,124,660627,-2.98830328
2_Control,Q506A,63,718708,103,660627,-0.830790414
2_Control,Q506C,7,718708,40,660627,-2.636142984
2_Control,Q506D,78,718708,46,660627,0.640270452
2_Control,Q506E,119,718708,78,660627,0.487845734
2_Control,Q506F,9,718708,34,660627,-2.039107651
2_Control,Q506G,101,718708,146,660627,-0.653182887
2_Control,Q506H,95,718708,95,660627,-0.121569811
2_Control,Q506I,18,718708,6,660627,1.46339269
2_Control,Q506K,41,718708,84,660627,-1.156335229
2_Control,Q506L,158,718708,363,660627,-1.321614801
2_Control,Q506M,115,718708,50,660627,1.08006405
2_Control,Q506N,60,718708,63,660627,-0.191959139
2_Control,Q506P,102,718708,148,660627,-0.658597834
2_Control,Q506R,221,718708,317,660627,-0.642006282
2_Control,Q506S,112,718708,96,660627,0.100822611
2_Control,Q506T,95,718708,64,660627,0.448285798
2_Control,Q506V,121,718708,116,660627,-0.060687569
2_Control,Q506W,26,718708,154,660627,-2.687916633
2_Control,Q506Y,32,718708,50,660627,-0.765426001
2_Control,Y508*,65,718708,501,660627,-3.067868791
2_Control,Y508A,511,718708,403,660627,0.220973642
2_Control,Y508C,295,718708,208,660627,0.382561615
2_Control,Y508D,218,718708,306,660627,-0.610773329
2_Control,Y508E,174,718708,370,660627,-1.210007775
2_Control,Y508F,539,718708,320,660627,0.630643557
2_Control,Y508G,178,718708,637,660627,-1.960985942
2_Control,Y508H,83,718708,113,660627,-0.566709342
2_Control,Y508I,98,718708,120,660627,-0.413750562
2_Control,Y508K,99,718708,60,660627,0.600896214
2_Control,Y508L,406,718708,437,660627,-0.227723363
2_Control,Y508M,141,718708,143,660627,-0.141889795
2_Control,Y508N,92,718708,89,660627,-0.073741286
2_Control,Y508P,50,718708,141,660627,-1.617264973
2_Control,Y508Q,119,718708,140,660627,-0.356035064
2_Control,Y508R,229,718708,424,660627,-1.010286477
2_Control,Y508S,636,718708,702,660627,-0.264014076
2_Control,Y508T,266,718708,196,660627,0.319002781
2_Control,Y508V,507,718708,381,660627,0.290624939
2_Control,Y508W,470,718708,482,660627,-0.1579422
2_Control,E516*,25,718708,100,660627,-2.121569811
2_Control,E516A,133,718708,264,660627,-1.110681495
2_Control,E516C,31,718708,48,660627,-0.752336001
2_Control,E516D,418,718708,237,660627,0.697046072
2_Control,E516F,4,718708,34,660627,-3.209032652
2_Control,E516G,789,718708,796,660627,-0.134312941
2_Control,E516H,24,718708,30,660627,-0.443497906
2_Control,E516I,12,718708,43,660627,-1.962872065
2_Control,E516K,145,718708,113,660627,0.238160317
2_Control,E516L,31,718708,142,660627,-2.31712062
2_Control,E516M,54,718708,72,660627,-0.53660731
2_Control,E516N,104,718708,63,660627,0.601589984
2_Control,E516P,83,718708,50,660627,0.609613431
2_Control,E516Q,138,718708,89,660627,0.511221215
2_Control,E516R,343,718708,317,660627,-0.007844075
2_Control,E516S,152,718708,110,660627,0.344997989
2_Control,E516T,73,718708,62,660627,0.114058438
2_Control,E516V,223,718708,440,660627,-1.102029624
2_Control,E516W,171,718708,181,660627,-0.203563183
2_Control,E516Y,13,718708,54,660627,-2.176017595
2_Control,L517*,6,718708,97,660627,-4.136520152
2_Control,L517A,172,718708,148,660627,0.095241578
2_Control,L517C,324,718708,190,660627,0.648424584
2_Control,L517D,207,718708,94,660627,1.017328295
2_Control,L517E,101,718708,78,660627,0.251239453
2_Control,L517F,1041,718708,647,660627,0.564562641
2_Control,L517G,742,718708,584,660627,0.223881007
2_Control,L517H,545,718708,337,660627,0.571937828
2_Control,L517I,602,718708,386,660627,0.519592829
2_Control,L517K,59,718708,27,660627,1.006185736
2_Control,L517M,254,718708,174,660627,0.42417138
2_Control,L517N,33,718708,49,660627,-0.691885536
2_Control,L517P,594,718708,527,660627,0.051090158
2_Control,L517Q,469,718708,332,660627,0.37683487
2_Control,L517R,1784,718708,1111,660627,0.561686988
2_Control,L517S,409,718708,251,660627,0.582843668
2_Control,L517T,293,718708,221,660627,0.285284484
2_Control,L517V,1626,718708,1144,660627,0.385670395
2_Control,L517W,284,718708,186,660627,0.489018498
2_Control,L517Y,178,718708,87,660627,0.911220124
2_Control,L518*,176,718708,703,660627,-2.119519071
2_Control,L518A,990,718708,892,660627,0.028815004
2_Control,L518C,411,718708,510,660627,-0.432928664
2_Control,L518D,276,718708,183,660627,0.471254808
2_Control,L518E,541,718708,441,660627,0.173280128
2_Control,L518F,723,718708,471,660627,0.496698777
2_Control,L518G,1189,718708,1269,660627,-0.215513165
2_Control,L518H,789,718708,497,660627,0.545209638
2_Control,L518I,637,718708,538,660627,0.122117389
2_Control,L518K,305,718708,272,660627,0.04363278
2_Control,L518M,1161,718708,636,660627,0.746699491
2_Control,L518N,130,718708,108,660627,0.1459105
2_Control,L518P,1748,718708,1151,660627,0.481247541
2_Control,L518Q,946,718708,670,660627,0.376109277
2_Control,L518R,3292,718708,2451,660627,0.304024041
2_Control,L518S,1043,718708,1240,660627,-0.371170774
2_Control,L518T,517,718708,607,660627,-0.353102047
2_Control,L518V,2786,718708,1719,660627,0.575055902
2_Control,L518W,1395,718708,855,660627,0.584698986
2_Control,L518Y,571,718708,342,660627,0.61792461
2_Control,H519*,81,718708,398,660627,-2.418344428
2_Control,H519A,627,718708,465,660627,0.309664916
2_Control,H519C,627,718708,430,660627,0.422558972
2_Control,H519D,230,718708,316,660627,-0.579860508
2_Control,H519E,260,718708,287,660627,-0.264108924
2_Control,H519F,535,718708,311,660627,0.6610545
2_Control,H519G,635,718708,470,660627,0.312526024
2_Control,H519I,283,718708,283,660627,-0.121569811
2_Control,H519K,235,718708,157,660627,0.460326387
2_Control,H519L,1515,718708,936,660627,0.573167548
2_Control,H519M,335,718708,193,660627,0.673990437
2_Control,H519N,236,718708,206,660627,0.074572711
2_Control,H519P,724,718708,533,660627,0.320284354
2_Control,H519Q,455,718708,282,660627,0.568601572
2_Control,H519R,1583,718708,950,660627,0.615092026
2_Control,H519S,1153,718708,806,660627,0.394970958
2_Control,H519T,601,718708,427,660627,0.37155911
2_Control,H519V,1037,718708,554,660627,0.782888202
2_Control,H519W,438,718708,409,660627,-0.022739784
2_Control,H519Y,426,718708,346,660627,0.178511582
2_Control,A520*,26,718708,251,660627,-3.392673647
2_Control,A520C,181,718708,157,660627,0.083655327
2_Control,A520D,443,718708,225,660627,0.855811887
2_Control,A520E,417,718708,314,660627,0.287713014
2_Control,A520F,49,718708,64,660627,-0.506859967
2_Control,A520G,703,718708,800,660627,-0.308045121
2_Control,A520H,306,718708,190,660627,0.565962424
2_Control,A520I,70,718708,48,660627,0.422750705
2_Control,A520K,477,718708,201,660627,1.125223954
2_Control,A520L,589,718708,314,660627,0.785933264
2_Control,A520M,260,718708,139,660627,0.78185693
2_Control,A520N,176,718708,75,660627,1.109043117
2_Control,A520P,559,718708,305,660627,0.75246923
2_Control,A520Q,356,718708,250,660627,0.388379336
2_Control,A520R,705,718708,584,660627,0.150085078
2_Control,A520S,892,718708,550,660627,0.576042281
2_Control,A520T,604,718708,337,660627,0.720230147
2_Control,A520V,1473,718708,1101,660627,0.298373151
2_Control,A520W,432,718708,271,660627,0.55116865
2_Control,A520Y,121,718708,62,660627,0.843097116
2_Control,P521*,131,718708,684,660627,-2.505999324
2_Control,P521A,1481,718708,1021,660627,0.415018964
2_Control,P521C,811,718708,580,660627,0.362079203
2_Control,P521D,443,718708,310,660627,0.393468673
2_Control,P521E,578,718708,408,660627,0.38093053
2_Control,P521F,554,718708,675,660627,-0.406571337
2_Control,P521G,1504,718708,1061,660627,0.3818101
2_Control,P521H,620,718708,322,660627,0.823637716
2_Control,P521I,404,718708,453,660627,-0.286725568
2_Control,P521K,482,718708,296,660627,0.58186616
2_Control,P521L,1671,718708,2097,660627,-0.449184939
2_Control,P521M,640,718708,529,660627,0.153234372
2_Control,P521N,259,718708,233,660627,0.031052332
2_Control,P521Q,543,718708,403,660627,0.308602549
2_Control,P521R,1925,718708,1306,660627,0.438133738
2_Control,P521S,2149,718708,1371,660627,0.526867101
2_Control,P521T,1030,718708,743,660627,0.349640411
2_Control,P521V,1685,718708,1256,660627,0.302342316
2_Control,P521W,492,718708,716,660627,-0.662871083
2_Control,P521Y,606,718708,479,660627,0.217722327
2_Control,A522*,33,718708,225,660627,-2.890956883
2_Control,A522C,698,718708,499,660627,0.36261741
2_Control,A522D,612,718708,351,660627,0.680490812
2_Control,A522E,454,718708,309,660627,0.433515649
2_Control,A522F,481,718708,348,660627,0.345379777
2_Control,A522G,1615,718708,1166,660627,0.348396566
2_Control,A522H,387,718708,285,660627,0.319801836
2_Control,A522I,454,718708,319,660627,0.387566063
2_Control,A522K,246,718708,196,660627,0.20623485
2_Control,A522L,1804,718708,1208,660627,0.457009073
2_Control,A522M,567,718708,338,660627,0.624755678
2_Control,A522N,249,718708,213,660627,0.103722501
2_Control,A522P,824,718708,601,660627,0.333709536
2_Control,A522Q,286,718708,125,660627,1.072517241
2_Control,A522R,1936,718708,1262,660627,0.495797232
2_Control,A522S,1697,718708,1233,660627,0.339243954
2_Control,A522T,945,718708,733,660627,0.24493132
2_Control,A522V,1641,718708,1093,660627,0.464712027
2_Control,A522W,712,718708,587,660627,0.156946927
2_Control,A522Y,518,718708,308,660627,0.628451936
2_Control,T523*,78,718708,654,660627,-3.189314417
2_Control,T523A,1386,718708,973,660627,0.388845737
2_Control,T523C,787,718708,605,660627,0.257858683
2_Control,T523D,734,718708,403,660627,0.743430414
2_Control,T523E,526,718708,449,660627,0.106777544
2_Control,T523F,566,718708,542,660627,-0.059060609
2_Control,T523G,1533,718708,1076,660627,0.389109808
2_Control,T523H,625,718708,406,660627,0.500806652
2_Control,T523I,547,718708,573,660627,-0.188564117
2_Control,T523K,651,718708,418,660627,0.51758479
2_Control,T523L,2340,718708,1513,660627,0.507526731
2_Control,T523M,745,718708,525,660627,0.383353192
2_Control,T523N,740,718708,403,660627,0.755175621
2_Control,T523P,941,718708,709,660627,0.286839285
2_Control,T523Q,486,718708,365,660627,0.291490039
2_Control,T523R,2079,718708,1346,660627,0.505641537
2_Control,T523S,2233,718708,1485,660627,0.466950509
2_Control,T523V,1598,718708,1161,660627,0.339329625
2_Control,T523W,733,718708,463,660627,0.541231194
2_Control,T523Y,696,718708,527,660627,0.279714533
2_Control,P527*,1,718708,37,660627,-5.331023176
2_Control,P527A,263,718708,267,660627,-0.143346753
2_Control,P527C,130,718708,148,660627,-0.308655363
2_Control,P527D,163,718708,86,660627,0.800893589
2_Control,P527E,48,718708,28,660627,0.656037768
2_Control,P527F,98,718708,113,660627,-0.327038929
2_Control,P527G,296,718708,189,660627,0.525641131
2_Control,P527H,166,718708,132,660627,0.209075501
2_Control,P527I,49,718708,43,660627,0.066875279
2_Control,P527K,5,718708,6,660627,-0.384604217
2_Control,P527L,258,718708,328,660627,-0.46789456
2_Control,P527M,19,718708,7,660627,1.319002781
2_Control,P527N,70,718708,49,660627,0.393003362
2_Control,P527Q,67,718708,59,660627,0.06187633
2_Control,P527R,345,718708,399,660627,-0.331362195
2_Control,P527S,380,718708,399,660627,-0.191959139
2_Control,P527T,226,718708,148,660627,0.489155786
2_Control,P527V,157,718708,191,660627,-0.40437789
2_Control,P527W,54,718708,46,660627,0.109755735
2_Control,P527Y,42,718708,71,660627,-0.878999507